poster_number,avg_node_distance,avg_node_distance_kw,avg_random,number_recommend
9320,0.8,1.6,2.4,1
9320,0.6,2.8,2.7,2
9320,0.4,2.2,2.7,3
9320,0.8,2.2,2.7,4
9320,0.7,1.4,2.9,5
10084,1.6,3.0,2.9,1
10084,1.2,2.3,2.8,2
10084,0.8,2.6,2.7,3
10084,1.0,2.6,2.6,4
10084,1.1,2.9,2.8,5
4264,2.0,2.4,2.8,1
4264,1.7,0.9,2.9,2
4264,1.4,1.7,2.7,3
4264,1.2,1.3,2.9,4
4264,1.1,1.1,2.8,5
11344,0.7,1.6,2.7,1
11344,0.7,1.7,2.9,2
11344,0.6,1.5,2.8,3
11344,0.6,1.5,3.0,4
11344,0.5,1.7,2.7,5
1998,0.4,2.1,2.8,1
1998,1.3,2.4,3.0,2
1998,0.9,2.3,2.9,3
1998,0.6,2.5,3.0,4
1998,0.8,2.5,2.8,5
1513,2.5,2.5,3.0,1
1513,2.1,2.8,2.6,2
1513,2.1,3.0,2.7,3
1513,1.8,3.0,2.7,4
1513,1.4,3.0,2.9,5
4999,2.9,2.8,3.0,1
4999,2.2,2.7,2.9,2
4999,1.6,3.0,3.0,3
4999,1.5,3.0,2.9,4
4999,1.6,3.0,3.0,5
565,0.9,1.0,2.9,1
565,1.0,1.0,2.7,2
565,1.1,1.0,2.7,3
565,0.8,1.0,2.7,4
565,0.8,1.1,2.8,5
8584,1.1,1.8,3.0,1
8584,1.3,2.9,2.9,2
8584,1.2,2.6,3.0,3
8584,1.2,2.4,3.0,4
8584,1.0,2.1,3.0,5
4623,2.8,2.7,3.0,1
4623,2.7,2.8,2.6,2
4623,1.7,2.6,2.8,3
4623,1.6,2.8,2.6,4
4623,1.4,2.5,2.1,5
14692,1.1,1.0,2.8,1
14692,0.8,1.1,2.7,2
14692,0.8,1.6,3.0,3
14692,0.7,1.8,2.7,4
14692,0.7,1.5,2.4,5
920,1.6,1.4,3.0,1
920,1.3,2.1,3.0,2
920,1.2,2.6,3.0,3
920,1.2,2.2,3.0,4
920,1.3,2.2,3.0,5
109,1.8,1.5,2.8,1
109,1.3,1.5,2.6,2
109,1.2,1.3,2.9,3
109,0.9,1.3,2.7,4
109,0.8,1.6,2.5,5
2341,1.5,3.0,2.9,1
2341,1.2,2.7,3.0,2
2341,0.6,3.0,3.0,3
2341,0.5,2.4,3.0,4
2341,0.9,2.4,3.0,5
1136,2.5,1.7,2.7,1
1136,1.8,1.5,2.9,2
1136,1.3,1.9,2.8,3
1136,1.0,1.5,2.9,4
1136,1.3,2.0,2.7,5
13426,2.7,2.4,2.8,1
13426,1.2,2.8,2.9,2
13426,1.1,3.0,3.0,3
13426,0.9,3.0,2.8,4
13426,0.8,2.7,3.0,5
9375,1.2,2.4,2.8,1
9375,1.3,2.2,2.8,2
9375,0.9,1.3,2.8,3
9375,0.8,2.1,2.7,4
9375,0.8,2.2,2.9,5
6345,0.8,2.1,2.7,1
6345,0.6,2.6,2.6,2
6345,0.5,2.6,3.0,3
6345,0.5,2.6,3.0,4
6345,0.4,2.6,2.5,5
12970,1.4,2.2,2.9,1
12970,1.5,2.0,2.8,2
12970,1.7,2.2,2.7,3
12970,1.7,2.4,2.5,4
12970,1.7,2.1,2.6,5
13738,1.9,2.6,2.8,1
13738,1.4,2.3,2.6,2
13738,1.3,2.4,2.6,3
13738,0.9,2.6,2.8,4
13738,1.4,2.2,2.9,5
6560,0.9,1.8,2.9,1
6560,1.4,1.6,3.0,2
6560,0.3,1.5,2.8,3
6560,0.3,1.5,2.9,4
6560,0.3,2.4,3.0,5
1862,1.2,2.9,2.4,1
1862,0.7,2.6,2.7,2
1862,0.7,3.0,2.9,3
1862,0.3,3.0,2.8,4
1862,0.4,3.0,2.2,5
1790,1.5,0.9,2.7,1
1790,0.9,1.0,2.7,2
1790,0.8,2.2,2.9,3
1790,1.1,2.5,2.7,4
1790,0.6,2.4,2.6,5
6129,2.4,1.7,3.0,1
6129,1.5,1.5,2.6,2
6129,1.4,1.8,2.9,3
6129,0.7,2.3,3.0,4
6129,1.6,2.9,2.9,5
8147,1.4,1.7,2.8,1
8147,1.2,1.8,2.8,2
8147,1.2,2.9,3.0,3
8147,0.5,2.9,3.0,4
8147,0.8,2.9,3.0,5
4168,0.9,1.8,2.8,1
4168,0.1,1.6,3.0,2
4168,0.5,1.6,2.7,3
4168,0.6,1.6,2.4,4
4168,0.7,1.1,2.8,5
12626,2.7,2.1,3.0,1
12626,1.9,1.3,2.9,2
12626,1.9,1.8,2.9,3
12626,1.6,2.4,3.0,4
12626,1.5,2.0,3.0,5
199,2.5,3.0,2.5,1
199,1.1,1.2,2.8,2
199,1.2,1.4,2.8,3
199,0.9,1.1,3.0,4
199,0.8,2.4,3.0,5
5467,1.8,2.9,2.7,1
5467,2.6,2.8,2.8,2
5467,1.7,3.0,2.6,3
5467,1.8,2.7,2.9,4
5467,1.8,2.9,2.9,5
4332,2.2,1.4,2.8,1
4332,1.6,1.5,3.0,2
4332,1.0,1.8,3.0,3
4332,0.6,1.7,2.7,4
4332,1.1,1.8,3.0,5
3697,1.4,1.2,2.4,1
3697,0.8,2.5,2.8,2
3697,0.6,1.9,3.0,3
3697,0.6,1.6,2.7,4
3697,0.3,1.9,2.8,5
5056,2.2,2.0,2.6,1
5056,2.1,2.2,3.0,2
5056,1.6,2.3,2.6,3
5056,1.0,2.5,2.4,4
5056,0.8,2.4,2.4,5
6424,0.3,1.5,2.7,1
6424,0.7,1.4,2.8,2
6424,0.5,2.4,2.8,3
6424,0.8,2.8,2.8,4
6424,0.3,2.1,2.6,5
11770,2.7,3.0,2.9,1
11770,2.7,2.7,2.9,2
11770,1.4,2.7,2.9,3
11770,2.0,3.0,3.0,4
11770,2.1,3.0,3.0,5
12104,1.6,2.4,2.5,1
12104,0.4,2.3,2.7,2
12104,0.4,2.5,2.9,3
12104,0.1,2.3,2.6,4
12104,0.3,2.6,2.8,5
805,2.1,2.8,2.4,1
805,0.7,2.8,2.8,2
805,0.6,2.6,3.0,3
805,0.8,1.7,2.7,4
805,0.7,2.3,2.7,5
3976,2.4,2.9,2.5,1
3976,1.7,2.7,2.8,2
3976,1.6,2.7,2.5,3
3976,1.1,3.0,2.5,4
3976,1.0,3.0,2.9,5
10184,2.4,2.7,2.4,1
10184,1.9,2.6,2.8,2
10184,2.2,2.9,2.7,3
10184,1.8,2.6,2.7,4
10184,1.4,2.6,2.6,5
13036,2.2,1.3,3.0,1
13036,2.0,1.5,3.0,2
13036,1.0,1.2,2.9,3
13036,0.9,1.5,3.0,4
13036,0.9,2.9,3.0,5
6215,0.8,1.4,2.7,1
6215,0.4,1.4,2.7,2
6215,0.2,1.5,2.7,3
6215,0.3,1.5,2.9,4
6215,0.6,1.4,2.7,5
1793,2.3,2.9,2.5,1
1793,2.4,2.5,3.0,2
1793,2.4,2.7,2.7,3
1793,2.4,2.6,3.0,4
1793,2.1,2.9,2.5,5
14679,0.7,0.8,2.9,1
14679,0.8,0.8,2.6,2
14679,0.5,1.0,2.6,3
14679,0.6,1.0,2.7,4
14679,0.6,1.4,2.8,5
125,1.4,1.9,3.0,1
125,1.8,1.5,2.9,2
125,1.3,1.4,3.0,3
125,0.9,1.4,3.0,4
125,0.8,1.7,3.0,5
1255,2.2,3.0,2.8,1
1255,1.6,1.7,2.3,2
1255,1.4,2.4,2.8,3
1255,1.4,2.5,2.6,4
1255,1.4,2.4,2.6,5
5263,0.7,1.2,2.7,1
5263,0.7,0.8,2.8,2
5263,1.0,0.9,2.8,3
5263,0.7,0.7,2.6,4
5263,0.7,0.8,2.7,5
10824,1.3,1.8,3.0,1
10824,1.6,2.4,2.7,2
10824,1.3,2.4,2.8,3
10824,0.8,2.0,2.9,4
10824,0.7,1.9,2.8,5
5653,0.6,2.7,2.6,1
5653,1.0,2.4,3.0,2
5653,1.0,1.6,2.8,3
5653,1.0,1.5,2.9,4
5653,0.9,2.0,2.9,5
10476,0.9,1.8,2.9,1
10476,0.8,1.7,2.9,2
10476,0.4,1.6,3.0,3
10476,0.4,1.6,2.3,4
10476,0.4,1.2,2.9,5
9400,1.2,2.1,2.5,1
9400,1.0,1.1,2.6,2
9400,1.0,1.2,2.8,3
9400,1.1,1.2,2.9,4
9400,0.9,1.2,3.0,5
731,1.4,1.1,2.7,1
731,1.0,1.8,2.7,2
731,0.7,1.7,2.8,3
731,1.0,1.5,2.3,4
731,1.2,1.7,2.8,5
11295,0.7,1.0,2.5,1
11295,0.4,0.5,2.2,2
11295,0.5,0.8,2.3,3
11295,0.5,0.8,2.4,4
11295,0.6,0.8,2.8,5
13112,2.3,2.7,3.0,1
13112,2.2,2.5,2.9,2
13112,1.5,2.2,3.0,3
13112,1.5,2.5,3.0,4
13112,1.2,2.7,2.9,5
9828,1.1,1.1,2.7,1
9828,1.1,1.7,2.9,2
9828,1.1,1.6,2.4,3
9828,1.0,1.7,2.8,4
9828,0.9,1.7,2.7,5
12979,2.2,1.9,2.3,1
12979,1.7,1.5,3.0,2
12979,2.0,1.5,2.6,3
12979,1.7,2.6,2.7,4
12979,1.2,2.4,2.8,5
475,2.1,2.7,2.9,1
475,1.0,1.9,2.7,2
475,1.5,2.3,2.5,3
475,0.7,2.0,2.6,4
475,0.9,2.6,2.9,5
5745,2.1,1.3,2.7,1
5745,0.7,0.9,2.9,2
5745,0.6,1.4,2.7,3
5745,0.9,1.2,2.7,4
5745,0.5,1.5,2.5,5
14517,3.0,3.0,2.9,1
14517,2.7,3.0,3.0,2
14517,2.2,3.0,2.6,3
14517,1.5,2.7,2.9,4
14517,1.2,2.6,2.6,5
11331,2.8,2.4,2.7,1
11331,2.3,3.0,2.5,2
11331,1.1,3.0,2.5,3
11331,0.9,3.0,2.3,4
11331,0.8,2.7,2.6,5
84,1.0,3.0,2.8,1
84,2.2,2.0,3.0,2
84,1.0,2.2,3.0,3
84,0.8,1.6,2.9,4
84,0.6,1.7,3.0,5
216,0.9,2.0,2.9,1
216,0.7,2.6,3.0,2
216,0.6,2.2,3.0,3
216,1.3,2.0,2.9,4
216,0.6,2.2,3.0,5
3449,3.0,3.0,3.0,1
3449,2.3,3.0,3.0,2
3449,1.6,3.0,2.9,3
3449,0.6,2.7,3.0,4
3449,1.0,3.0,2.8,5
11692,0.7,2.1,2.6,1
11692,0.6,1.5,2.9,2
11692,0.8,2.4,3.0,3
11692,0.8,1.9,3.0,4
11692,0.8,1.9,2.7,5
9542,2.7,1.6,2.8,1
9542,1.0,1.6,2.8,2
9542,0.7,2.0,2.9,3
9542,1.0,2.2,2.6,4
9542,1.0,2.3,2.5,5
2492,2.0,2.5,2.7,1
2492,1.3,2.7,2.6,2
2492,0.7,2.2,2.6,3
2492,1.1,2.9,2.9,4
2492,0.5,2.7,3.0,5
7120,0.5,1.2,2.4,1
7120,0.1,1.5,2.7,2
7120,0.2,1.3,2.7,3
7120,0.1,1.8,2.7,4
7120,0.1,1.6,3.0,5
6937,1.6,2.9,2.9,1
6937,1.9,2.5,3.0,2
6937,1.1,2.9,2.8,3
6937,1.0,2.9,2.6,4
6937,1.3,2.8,3.0,5
12925,1.5,2.7,3.0,1
12925,0.9,2.7,3.0,2
12925,0.6,3.0,2.9,3
12925,0.2,3.0,3.0,4
12925,0.6,3.0,2.8,5
1203,1.4,3.0,3.0,1
1203,0.9,2.3,3.0,2
1203,0.7,2.5,3.0,3
1203,0.4,2.8,2.8,4
1203,0.5,2.5,3.0,5
12690,1.4,3.0,2.8,1
12690,1.0,2.8,2.9,2
12690,1.6,2.9,2.9,3
12690,1.5,2.7,2.8,4
12690,1.2,2.6,2.5,5
6382,1.7,2.0,2.5,1
6382,1.1,1.7,2.7,2
6382,1.2,1.4,3.0,3
6382,0.4,0.2,2.8,4
6382,0.4,0.8,2.9,5
5385,1.7,2.0,2.9,1
5385,1.8,2.1,2.8,2
5385,2.1,2.2,3.0,3
5385,1.8,2.2,3.0,4
5385,1.8,2.5,2.8,5
9801,2.1,2.7,2.7,1
9801,1.6,2.8,2.2,2
9801,2.2,2.6,2.8,3
9801,1.7,3.0,2.5,4
9801,1.9,2.7,2.8,5
948,1.3,2.5,2.6,1
948,0.5,1.6,2.8,2
948,0.6,1.7,3.0,3
948,0.9,1.7,3.0,4
948,1.0,1.9,2.9,5
7511,1.3,2.6,2.9,1
7511,0.7,1.2,2.4,2
7511,1.3,1.2,2.3,3
7511,0.7,1.2,3.0,4
7511,0.5,1.2,2.6,5
8156,2.4,2.0,2.9,1
8156,2.0,2.3,2.7,2
8156,1.8,2.5,2.8,3
8156,1.8,2.3,2.9,4
8156,1.8,2.1,2.7,5
15,1.2,2.9,2.7,1
15,0.9,1.9,2.9,2
15,0.2,1.2,2.5,3
15,0.2,0.9,2.9,4
15,0.2,1.0,2.8,5
12415,3.0,2.8,2.5,1
12415,2.4,2.7,2.5,2
12415,2.2,1.3,2.8,3
12415,1.9,2.1,2.6,4
12415,1.6,2.6,2.9,5
2300,1.0,1.3,2.7,1
2300,1.2,1.7,2.6,2
2300,1.1,1.3,2.5,3
2300,1.0,1.5,2.7,4
2300,1.6,1.0,2.6,5
11953,2.4,2.2,2.9,1
11953,2.6,2.5,2.5,2
11953,2.2,2.6,2.7,3
11953,2.0,2.4,2.6,4
11953,2.2,2.6,2.4,5
5812,2.6,2.4,3.0,1
5812,1.3,2.3,3.0,2
5812,0.7,1.6,2.9,3
5812,0.7,2.4,2.9,4
5812,0.7,2.5,3.0,5
10656,1.5,2.9,2.4,1
10656,1.3,3.0,2.6,2
10656,0.6,3.0,2.8,3
10656,0.6,2.8,2.6,4
10656,0.3,2.8,2.9,5
1118,1.7,0.9,2.6,1
1118,1.7,0.9,2.4,2
1118,1.0,0.9,2.7,3
1118,0.7,0.9,2.8,4
1118,0.8,2.2,2.9,5
14348,1.9,2.4,2.8,1
14348,0.9,1.5,2.6,2
14348,0.9,1.8,3.0,3
14348,0.5,1.9,3.0,4
14348,0.7,2.0,2.9,5
9759,2.8,2.6,2.9,1
9759,2.4,3.0,3.0,2
9759,2.4,3.0,2.9,3
9759,2.4,3.0,3.0,4
9759,2.4,2.7,2.8,5
3862,2.0,2.7,2.4,1
3862,1.7,2.0,2.3,2
3862,1.5,1.5,2.7,3
3862,1.3,2.0,2.8,4
3862,1.1,2.2,2.6,5
6295,2.4,2.6,2.5,1
6295,1.3,2.9,2.9,2
6295,1.9,2.9,2.6,3
6295,2.1,2.9,2.7,4
6295,2.5,2.8,2.6,5
4909,1.8,1.2,2.9,1
4909,2.0,2.3,3.0,2
4909,1.5,2.1,2.9,3
4909,2.1,2.3,2.7,4
4909,2.0,2.5,2.9,5
3151,0.6,3.0,3.0,1
3151,1.6,3.0,3.0,2
3151,0.8,2.7,3.0,3
3151,0.8,3.0,2.7,4
3151,0.8,3.0,3.0,5
6765,1.5,2.9,2.7,1
6765,0.9,1.2,2.8,2
6765,0.8,1.2,2.8,3
6765,0.8,1.4,2.8,4
6765,0.8,1.4,2.6,5
14102,1.2,1.4,3.0,1
14102,2.1,1.6,3.0,2
14102,1.1,0.8,3.0,3
14102,1.4,1.0,2.8,4
14102,0.9,1.4,3.0,5
3814,2.1,0.7,2.8,1
3814,1.7,2.2,2.6,2
3814,1.7,2.8,2.6,3
3814,1.3,2.6,2.6,4
3814,0.9,2.5,2.9,5
4437,1.2,2.7,2.6,1
4437,0.6,2.3,2.5,2
4437,0.0,1.8,2.7,3
4437,0.0,2.2,2.9,4
4437,0.1,2.6,2.8,5
3988,2.0,2.2,2.5,1
3988,1.1,2.5,2.7,2
3988,1.1,2.2,2.6,3
3988,1.1,2.7,2.7,4
3988,0.8,2.6,3.0,5
9213,0.9,2.9,2.5,1
9213,1.0,1.1,2.7,2
9213,1.3,1.7,3.0,3
9213,0.9,1.8,2.6,4
9213,1.0,1.8,2.9,5
7353,2.3,2.6,2.6,1
7353,1.9,2.3,2.9,2
7353,1.6,2.6,2.9,3
7353,1.5,2.5,2.4,4
7353,1.4,2.0,2.7,5
9235,1.5,2.6,3.0,1
9235,1.3,1.7,2.9,2
9235,1.3,1.8,2.8,3
9235,0.6,1.8,2.9,4
9235,1.2,1.5,2.8,5
11598,2.1,2.0,2.8,1
11598,1.4,2.0,2.6,2
11598,1.2,2.1,2.7,3
11598,1.2,1.6,2.6,4
11598,1.3,1.6,2.7,5
3846,2.1,2.4,3.0,1
3846,2.1,2.0,3.0,2
3846,1.5,1.7,2.9,3
3846,1.8,2.0,2.7,4
3846,1.8,2.0,3.0,5
718,2.8,2.7,2.8,1
718,2.5,2.1,3.0,2
718,2.0,2.6,2.6,3
718,2.0,2.8,2.9,4
718,2.2,2.8,2.8,5
8892,2.2,2.3,2.6,1
8892,0.6,2.0,2.8,2
8892,0.9,1.8,2.4,3
8892,0.6,2.1,2.7,4
8892,0.3,1.1,2.8,5
4968,0.9,0.8,3.0,1
4968,0.9,1.5,2.8,2
4968,0.7,2.2,2.6,3
4968,0.7,2.1,2.9,4
4968,0.2,2.2,2.8,5
2553,1.8,2.2,2.7,1
2553,1.0,1.7,2.9,2
2553,0.4,1.4,2.9,3
2553,0.5,1.4,2.6,4
2553,0.5,1.3,2.7,5
13215,0.0,1.7,2.7,1
13215,0.3,1.1,2.8,2
13215,0.2,1.6,2.9,3
13215,0.5,1.8,2.9,4
13215,0.2,1.8,2.8,5
10990,0.6,1.5,2.6,1
10990,0.5,0.7,2.8,2
10990,0.5,1.5,2.5,3
10990,0.7,1.3,2.7,4
10990,1.0,0.8,2.6,5
9672,1.9,3.0,2.9,1
9672,1.2,2.4,3.0,2
9672,1.7,2.7,2.8,3
9672,1.6,3.0,3.0,4
9672,1.3,3.0,3.0,5
8713,1.4,3.0,2.8,1
8713,0.9,2.5,2.7,2
8713,1.2,1.5,3.0,3
8713,1.2,1.5,3.0,4
8713,1.2,1.8,3.0,5
14166,1.8,2.5,2.8,1
14166,1.1,1.9,3.0,2
14166,1.2,2.2,2.9,3
14166,1.0,2.1,2.8,4
14166,1.1,2.1,2.8,5
11970,2.4,2.2,2.8,1
11970,1.6,2.0,2.7,2
11970,1.4,2.0,2.6,3
11970,1.2,2.2,2.6,4
11970,1.3,2.0,2.9,5
10932,1.8,2.7,3.0,1
10932,1.8,3.0,2.9,2
10932,1.8,3.0,3.0,3
10932,1.5,2.6,2.7,4
10932,1.5,2.1,3.0,5
9582,3.0,2.7,2.3,1
9582,1.7,1.6,2.9,2
9582,1.1,1.4,3.0,3
9582,0.8,1.5,2.9,4
9582,1.0,1.6,2.9,5
1918,1.0,2.7,2.8,1
1918,0.8,2.6,2.9,2
1918,1.2,3.0,2.9,3
1918,1.0,2.8,3.0,4
1918,0.4,2.8,3.0,5
9754,2.1,1.6,3.0,1
9754,1.5,2.3,3.0,2
9754,0.9,3.0,3.0,3
9754,1.5,1.9,3.0,4
9754,1.5,1.7,2.9,5
9199,0.2,1.3,2.7,1
9199,0.6,1.3,3.0,2
9199,0.4,1.5,2.3,3
9199,0.4,2.0,2.7,4
9199,0.4,2.6,2.8,5
8320,1.0,2.4,2.6,1
8320,0.6,2.7,2.6,2
8320,0.9,2.9,2.5,3
8320,0.6,2.6,2.8,4
8320,0.6,2.3,2.5,5
2587,2.2,2.7,2.6,1
2587,2.1,2.4,2.7,2
2587,1.5,2.5,2.8,3
2587,1.6,2.2,2.9,4
2587,1.5,2.7,2.8,5
7383,2.0,1.9,2.7,1
7383,1.5,2.1,2.8,2
7383,1.2,2.3,2.6,3
7383,1.3,2.0,2.6,4
7383,1.3,2.1,2.6,5
3477,1.1,2.3,2.7,1
3477,0.3,2.0,2.8,2
3477,0.7,1.6,2.9,3
3477,0.4,1.3,3.0,4
3477,0.6,1.7,2.7,5
11048,2.3,2.1,2.7,1
11048,1.5,1.9,2.8,2
11048,1.4,3.0,2.5,3
11048,1.5,1.5,2.7,4
11048,1.0,2.0,2.7,5
2114,2.5,1.1,2.5,1
2114,1.2,1.9,2.7,2
2114,0.7,1.5,3.0,3
2114,0.5,1.5,2.7,4
2114,0.8,1.7,2.4,5
7425,1.6,1.5,2.8,1
7425,1.6,1.0,2.8,2
7425,1.6,1.6,2.6,3
7425,1.2,1.6,2.9,4
7425,1.3,1.9,2.9,5
12440,2.1,1.2,2.4,1
12440,0.8,1.7,2.6,2
12440,0.7,1.7,2.6,3
12440,0.6,1.9,2.8,4
12440,0.8,1.1,2.6,5
1728,2.1,3.0,2.9,1
1728,1.4,2.7,3.0,2
1728,1.2,2.5,2.9,3
1728,1.0,1.6,3.0,4
1728,1.0,1.5,2.9,5
3877,1.5,0.8,2.5,1
3877,1.0,1.6,2.9,2
3877,1.0,2.4,2.8,3
3877,0.8,2.3,2.8,4
3877,1.0,2.2,2.5,5
9417,0.5,1.8,2.8,1
9417,0.7,3.0,2.7,2
9417,0.1,2.4,2.6,3
9417,0.1,2.0,2.6,4
9417,0.0,1.5,2.3,5
5147,1.7,2.4,2.8,1
5147,1.4,2.4,2.4,2
5147,1.3,2.8,2.8,3
5147,1.0,2.5,2.9,4
5147,1.6,1.7,2.9,5
10095,1.9,1.9,2.9,1
10095,1.1,1.6,2.8,2
10095,2.1,1.9,3.0,3
10095,2.4,1.2,2.8,4
10095,2.2,1.6,2.2,5
5617,2.9,3.0,2.8,1
5617,2.2,3.0,2.6,2
5617,1.7,2.8,2.7,3
5617,1.3,2.4,2.7,4
5617,1.3,2.4,2.7,5
14221,1.6,2.3,2.8,1
14221,1.4,1.5,3.0,2
14221,0.8,1.5,2.9,3
14221,1.4,2.5,2.7,4
14221,1.2,2.5,2.8,5
6954,1.6,2.2,2.6,1
6954,1.6,1.6,3.0,2
6954,1.9,1.1,2.9,3
6954,1.3,1.1,2.8,4
6954,1.4,1.1,2.9,5
4222,2.1,2.9,2.6,1
4222,1.2,2.2,2.9,2
4222,1.1,2.5,2.8,3
4222,1.3,2.2,2.5,4
4222,1.1,2.1,2.5,5
8333,1.1,3.0,2.8,1
8333,0.2,3.0,2.9,2
8333,0.8,2.5,2.6,3
8333,0.5,2.0,2.2,4
8333,0.8,2.5,2.7,5
3494,0.9,0.9,2.9,1
3494,1.0,1.9,2.6,2
3494,0.4,2.1,2.4,3
3494,1.1,1.8,2.7,4
3494,1.9,1.9,3.0,5
10027,1.9,1.5,2.5,1
10027,1.1,1.1,2.4,2
10027,0.8,1.7,2.8,3
10027,1.1,1.3,3.0,4
10027,1.0,1.2,2.5,5
5667,2.0,2.8,2.9,1
5667,1.9,2.8,2.9,2
5667,1.5,1.9,2.8,3
5667,1.5,1.9,2.8,4
5667,1.4,2.0,2.8,5
14077,0.1,2.9,2.8,1
14077,0.3,2.5,2.8,2
14077,0.3,2.8,2.8,3
14077,0.4,2.8,3.0,4
14077,0.3,2.6,2.7,5
11787,2.6,1.7,2.3,1
11787,2.2,2.8,2.8,2
11787,1.9,2.2,2.6,3
11787,1.9,2.9,2.7,4
11787,2.2,2.5,2.9,5
9170,2.5,2.6,2.6,1
9170,2.1,2.9,2.5,2
9170,0.8,2.9,2.8,3
9170,0.6,1.7,2.7,4
9170,1.1,1.3,2.5,5
7109,2.7,1.5,2.8,1
7109,1.0,1.3,3.0,2
7109,0.8,1.9,2.8,3
7109,0.7,1.8,2.7,4
7109,0.8,1.7,2.8,5
6019,1.5,1.0,2.9,1
6019,0.9,2.8,2.8,2
6019,1.2,1.8,3.0,3
6019,0.9,1.6,2.7,4
6019,1.0,1.4,2.6,5
4593,1.6,1.8,2.4,1
4593,1.3,1.8,2.8,2
4593,1.0,1.0,2.8,3
4593,0.7,1.6,2.5,4
4593,0.7,1.7,2.8,5
4764,2.2,2.9,2.7,1
4764,0.4,2.8,2.9,2
4764,0.8,1.8,2.9,3
4764,0.7,2.7,2.5,4
4764,0.4,3.0,2.8,5
5635,0.8,2.3,2.8,1
5635,0.8,2.2,2.8,2
5635,0.7,2.6,2.9,3
5635,0.7,2.6,2.5,4
5635,0.7,2.7,2.3,5
12921,2.0,2.4,2.9,1
12921,1.2,3.0,3.0,2
12921,0.4,2.1,3.0,3
12921,0.9,3.0,2.7,4
12921,0.6,2.1,3.0,5
3644,3.0,3.0,2.9,1
3644,1.7,2.7,2.8,2
3644,1.8,3.0,2.9,3
3644,1.4,2.8,2.8,4
3644,1.2,2.6,3.0,5
6416,2.5,2.6,3.0,1
6416,2.6,1.9,2.9,2
6416,1.6,2.1,3.0,3
6416,1.1,2.4,3.0,4
6416,1.8,2.3,2.9,5
13545,1.9,2.3,2.8,1
13545,0.7,2.4,2.7,2
13545,0.8,0.8,2.7,3
13545,0.6,0.7,2.9,4
13545,0.6,1.1,2.6,5
7595,2.1,2.2,3.0,1
7595,1.1,2.1,3.0,2
7595,0.6,2.4,3.0,3
7595,0.5,1.7,3.0,4
7595,0.4,2.5,2.8,5
4301,0.7,1.9,3.0,1
4301,0.9,0.8,2.6,2
4301,0.9,0.6,2.5,3
4301,0.6,0.6,2.4,4
4301,0.6,1.1,2.6,5
3845,1.9,1.9,2.8,1
3845,1.7,2.1,2.8,2
3845,1.2,2.1,2.7,3
3845,1.4,2.6,2.6,4
3845,1.5,1.6,2.7,5
11155,1.7,2.7,2.7,1
11155,1.4,2.4,2.9,2
11155,1.4,2.2,2.5,3
11155,1.3,2.2,2.9,4
11155,1.4,2.1,2.8,5
12921,2.0,2.4,3.0,1
12921,2.5,2.6,2.9,2
12921,2.1,2.3,2.9,3
12921,1.6,2.5,3.0,4
12921,0.8,3.0,3.0,5
1960,1.3,2.6,2.3,1
1960,0.9,2.7,2.5,2
1960,0.7,2.4,2.5,3
1960,0.7,2.7,2.9,4
1960,0.6,2.4,2.9,5
8468,2.9,2.8,2.7,1
8468,1.5,2.5,2.9,2
8468,1.3,2.3,2.6,3
8468,2.0,2.8,2.7,4
8468,1.7,2.2,2.7,5
6541,1.7,1.7,2.7,1
6541,1.8,1.9,2.7,2
6541,1.4,2.0,2.8,3
6541,1.4,1.9,3.0,4
6541,1.4,1.7,2.8,5
7042,2.9,3.0,3.0,1
7042,2.6,2.7,2.8,2
7042,1.2,2.5,2.8,3
7042,1.0,2.6,2.8,4
7042,0.7,2.9,2.9,5
7458,2.4,3.0,2.7,1
7458,0.1,1.3,2.3,2
7458,0.0,1.0,2.9,3
7458,0.0,1.1,2.6,4
7458,0.1,0.9,2.6,5
1996,1.8,2.4,3.0,1
1996,1.2,2.4,2.9,2
1996,0.8,2.7,2.9,3
1996,0.7,2.5,2.8,4
1996,0.4,2.0,2.9,5
3685,2.8,2.9,2.9,1
3685,2.7,2.9,2.8,2
3685,2.3,2.7,2.8,3
3685,2.0,2.8,2.4,4
3685,1.6,2.8,2.3,5
4637,2.9,2.9,3.0,1
4637,2.6,2.9,2.9,2
4637,2.4,3.0,2.9,3
4637,2.4,2.9,2.9,4
4637,2.4,2.7,3.0,5
14249,0.8,1.6,2.6,1
14249,0.6,2.7,2.6,2
14249,0.6,2.2,2.7,3
14249,0.4,0.9,2.8,4
14249,0.6,1.6,2.7,5
5060,2.2,2.6,2.3,1
5060,1.4,1.6,2.8,2
5060,1.1,2.5,2.9,3
5060,0.6,2.3,2.5,4
5060,0.9,1.9,2.7,5
14057,2.1,2.7,2.6,1
14057,1.6,1.5,2.6,2
14057,1.2,1.4,2.8,3
14057,0.9,1.8,2.6,4
14057,1.0,1.1,2.6,5
305,1.9,2.1,2.7,1
305,1.4,1.4,3.0,2
305,1.9,1.5,2.8,3
305,0.8,1.7,2.5,4
305,1.0,1.5,2.8,5
3730,2.1,2.2,2.8,1
3730,1.2,2.6,3.0,2
3730,0.7,2.2,2.8,3
3730,0.6,2.1,2.5,4
3730,0.4,1.8,2.8,5
7177,3.0,3.0,2.9,1
7177,2.7,3.0,2.8,2
7177,1.2,3.0,2.9,3
7177,1.2,3.0,3.0,4
7177,1.3,3.0,3.0,5
8492,1.1,2.9,3.0,1
8492,1.5,2.7,2.8,2
8492,1.0,2.8,2.8,3
8492,1.0,1.4,2.2,4
8492,1.1,1.7,2.9,5
3111,0.6,2.6,3.0,1
3111,0.3,2.7,2.7,2
3111,0.0,1.6,2.9,3
3111,0.0,1.8,3.0,4
3111,0.0,2.5,2.8,5
4830,2.9,2.3,2.8,1
4830,2.4,2.2,2.7,2
4830,1.9,2.5,2.8,3
4830,1.7,2.7,2.8,4
4830,1.9,2.5,2.7,5
11219,1.2,2.3,2.4,1
11219,1.3,2.4,2.6,2
11219,0.8,1.1,2.2,3
11219,1.1,1.4,2.9,4
11219,1.1,2.0,3.0,5
3091,1.0,2.5,2.7,1
3091,0.9,2.6,2.6,2
3091,0.7,2.1,2.8,3
3091,0.9,1.2,2.9,4
3091,0.7,1.2,2.8,5
4357,1.9,2.3,2.9,1
4357,1.1,2.4,2.9,2
4357,1.2,2.4,2.8,3
4357,1.1,1.6,2.5,4
4357,1.1,1.9,2.9,5
5149,0.7,0.9,3.0,1
5149,0.9,0.9,3.0,2
5149,1.3,1.1,2.8,3
5149,0.9,1.0,3.0,4
5149,1.2,0.8,3.0,5
10133,2.0,2.5,2.6,1
10133,0.6,2.5,3.0,2
10133,0.6,3.0,2.8,3
10133,0.6,2.8,2.9,4
10133,0.6,1.9,2.5,5
8692,1.9,2.1,2.9,1
8692,1.0,2.7,2.9,2
8692,0.9,3.0,2.9,3
8692,0.7,2.1,2.6,4
8692,0.8,2.1,2.7,5
6938,1.6,2.6,3.0,1
6938,1.1,2.8,2.9,2
6938,0.7,2.7,2.8,3
6938,0.3,2.8,3.0,4
6938,0.5,3.0,3.0,5
11905,1.7,2.9,2.8,1
11905,0.8,2.9,2.8,2
11905,0.7,2.7,2.7,3
11905,0.4,2.6,3.0,4
11905,0.6,1.7,2.5,5
246,2.6,2.6,2.8,1
246,2.0,2.3,2.8,2
246,1.9,2.5,2.3,3
246,1.5,1.9,2.6,4
246,1.4,2.2,2.4,5
11284,2.1,1.3,2.6,1
11284,1.9,1.4,2.5,2
11284,1.6,1.4,2.8,3
11284,1.3,1.4,2.7,4
11284,1.1,1.4,2.5,5
6186,2.7,3.0,2.7,1
6186,2.2,1.7,2.9,2
6186,1.6,3.0,2.9,3
6186,1.9,3.0,2.7,4
6186,1.1,3.0,2.6,5
4306,0.7,1.8,2.6,1
4306,0.8,1.1,2.6,2
4306,0.5,0.9,2.6,3
4306,0.5,1.1,2.8,4
4306,0.5,1.1,2.7,5
10265,1.7,1.0,2.9,1
10265,0.9,1.7,2.9,2
10265,1.2,1.7,2.4,3
10265,1.3,1.6,2.7,4
10265,0.9,1.6,2.7,5
13808,3.0,3.0,2.9,1
13808,2.2,2.9,3.0,2
13808,1.6,2.4,3.0,3
13808,1.1,2.4,2.9,4
13808,0.9,2.6,2.9,5
7467,2.7,2.5,2.9,1
7467,2.4,2.5,2.9,2
7467,2.1,2.7,3.0,3
7467,1.8,1.9,2.4,4
7467,1.9,1.5,2.8,5
12990,2.0,2.3,2.8,1
12990,1.9,1.9,3.0,2
12990,1.3,2.4,2.7,3
12990,1.7,2.8,2.9,4
12990,1.3,2.5,2.8,5
12366,3.0,2.9,3.0,1
12366,2.7,3.0,3.0,2
12366,2.4,3.0,2.9,3
12366,2.3,3.0,2.8,4
12366,2.3,3.0,2.9,5
10032,2.3,1.8,3.0,1
10032,0.7,1.7,2.8,2
10032,1.1,1.4,2.4,3
10032,0.7,1.5,3.0,4
10032,0.7,2.0,2.9,5
1531,2.0,1.8,2.6,1
1531,1.2,1.9,2.8,2
1531,1.0,1.4,2.8,3
1531,0.8,1.4,2.6,4
1531,0.8,1.8,2.7,5
8679,2.1,2.0,3.0,1
8679,1.3,1.6,3.0,2
8679,0.8,1.7,2.8,3
8679,1.0,2.5,2.9,4
8679,0.8,2.0,3.0,5
14528,2.5,2.2,2.9,1
14528,1.6,3.0,2.6,2
14528,1.4,1.8,3.0,3
14528,1.8,1.6,3.0,4
14528,1.5,1.8,3.0,5
907,2.9,2.8,2.8,1
907,2.6,2.6,2.6,2
907,1.9,2.7,2.7,3
907,1.1,2.7,2.7,4
907,1.3,2.5,2.8,5
10489,0.8,2.1,2.9,1
10489,0.8,2.0,2.6,2
10489,0.7,2.3,2.8,3
10489,1.0,1.5,3.0,4
10489,1.0,1.1,2.8,5
14297,1.4,2.7,2.6,1
14297,1.0,2.5,2.7,2
14297,0.7,2.0,2.7,3
14297,0.6,2.1,3.0,4
14297,0.5,2.2,2.8,5
8323,2.2,2.4,2.8,1
8323,1.8,2.3,3.0,2
8323,1.1,2.2,2.8,3
8323,1.6,2.8,2.8,4
8323,1.8,2.3,2.4,5
11922,1.5,2.2,2.5,1
11922,0.9,2.3,2.6,2
11922,1.0,0.4,2.7,3
11922,0.6,0.8,2.7,4
11922,0.8,0.5,2.6,5
6335,0.8,1.6,2.9,1
6335,0.6,1.7,2.9,2
6335,0.2,1.6,3.0,3
6335,0.1,1.6,2.7,4
6335,0.4,2.6,2.7,5
4020,2.7,2.6,2.7,1
4020,1.5,2.6,2.9,2
4020,1.3,2.6,2.6,3
4020,1.6,1.5,2.5,4
4020,1.4,2.7,2.7,5
9338,1.0,2.9,2.7,1
9338,0.9,2.3,2.8,2
9338,1.0,1.2,2.5,3
9338,0.8,1.5,2.7,4
9338,1.0,1.4,2.5,5
5625,1.7,2.4,2.2,1
5625,1.0,2.3,2.7,2
5625,0.3,2.8,2.7,3
5625,0.3,2.3,2.8,4
5625,0.3,2.4,2.5,5
11676,1.6,2.8,2.9,1
11676,0.4,2.8,3.0,2
11676,0.4,3.0,3.0,3
11676,0.3,3.0,2.9,4
11676,0.5,2.9,3.0,5
14166,1.8,2.5,2.6,1
14166,1.6,2.6,2.7,2
14166,1.3,2.4,2.8,3
14166,1.3,2.5,2.9,4
14166,1.5,2.7,3.0,5
4737,0.6,2.1,2.6,1
4737,0.6,2.1,3.0,2
4737,0.6,1.8,2.3,3
4737,0.6,2.1,2.7,4
4737,0.6,1.9,2.8,5
13062,1.3,3.0,3.0,1
13062,1.0,3.0,3.0,2
13062,1.2,3.0,3.0,3
13062,1.0,3.0,2.6,4
13062,0.9,3.0,2.7,5
1961,1.3,1.0,2.5,1
1961,0.1,1.2,2.6,2
1961,0.4,2.5,3.0,3
1961,0.1,2.2,2.4,4
1961,0.1,2.0,2.9,5
6289,1.5,2.6,2.9,1
6289,1.3,0.8,2.8,2
6289,0.9,1.0,2.8,3
6289,1.0,1.0,2.5,4
6289,0.9,0.9,2.7,5
2153,2.7,1.9,2.9,1
2153,1.6,2.7,3.0,2
2153,1.8,2.9,3.0,3
2153,1.6,2.8,2.8,4
2153,1.6,3.0,3.0,5
12807,1.3,1.2,2.9,1
12807,1.3,1.4,2.8,2
12807,1.2,1.6,2.4,3
12807,0.7,1.3,2.8,4
12807,0.9,0.8,3.0,5
9586,2.4,2.1,2.8,1
9586,2.2,3.0,3.0,2
9586,1.4,3.0,2.5,3
9586,1.1,2.9,2.9,4
9586,1.3,3.0,2.9,5
5119,0.6,3.0,2.6,1
5119,0.5,3.0,2.8,2
5119,0.7,1.8,2.7,3
5119,0.7,2.9,2.6,4
5119,0.6,2.9,2.3,5
11773,3.0,3.0,3.0,1
11773,2.7,2.7,3.0,2
11773,2.4,3.0,3.0,3
11773,1.8,3.0,3.0,4
11773,1.5,3.0,3.0,5
14509,1.8,1.8,2.9,1
14509,1.3,2.2,3.0,2
14509,1.5,1.9,2.7,3
14509,1.0,2.6,2.9,4
14509,1.0,2.6,2.8,5
14037,3.0,3.0,3.0,1
14037,2.4,3.0,3.0,2
14037,2.2,3.0,3.0,3
14037,2.3,3.0,2.8,4
14037,2.3,2.9,2.7,5
10260,2.4,1.3,2.7,1
10260,1.1,1.7,2.5,2
10260,0.8,1.5,2.8,3
10260,0.6,1.9,2.9,4
10260,0.8,1.5,2.9,5
849,3.0,2.7,2.6,1
849,1.6,3.0,2.7,2
849,1.1,2.6,2.6,3
849,1.0,2.4,2.9,4
849,1.1,2.2,2.8,5
5288,1.8,3.0,3.0,1
5288,2.1,2.4,2.5,2
5288,1.7,2.1,2.8,3
5288,1.4,2.2,2.7,4
5288,1.8,2.3,2.6,5
9195,2.2,2.6,2.9,1
9195,2.0,2.5,3.0,2
9195,1.7,2.2,2.5,3
9195,1.4,2.4,2.7,4
9195,1.7,2.3,2.8,5
9130,3.0,3.0,2.7,1
9130,2.5,2.7,2.9,2
9130,1.8,2.4,2.8,3
9130,2.0,2.7,2.7,4
9130,1.7,2.7,2.9,5
10169,1.0,2.3,2.8,1
10169,1.3,1.8,2.4,2
10169,1.6,2.3,3.0,3
10169,2.1,2.7,2.8,4
10169,1.8,1.7,3.0,5
5734,2.1,2.9,2.7,1
5734,1.2,1.0,2.9,2
5734,1.2,1.5,2.8,3
5734,1.0,1.0,2.3,4
5734,1.1,1.9,2.8,5
1398,2.8,2.7,2.6,1
1398,1.7,2.3,2.7,2
1398,0.8,2.0,2.7,3
1398,0.8,2.0,2.9,4
1398,0.7,1.2,1.9,5
4923,0.5,1.3,2.3,1
4923,0.2,1.2,2.7,2
4923,0.4,1.1,2.6,3
4923,1.4,0.9,2.8,4
4923,1.6,1.3,2.7,5
12897,1.7,1.5,2.8,1
12897,1.6,1.8,2.7,2
12897,1.1,2.0,2.8,3
12897,0.9,2.0,2.7,4
12897,0.9,2.1,2.8,5
5898,2.1,1.9,2.6,1
5898,1.0,2.3,2.7,2
5898,0.8,2.9,2.9,3
5898,0.6,2.8,2.9,4
5898,0.5,2.3,2.7,5
8560,2.6,2.5,3.0,1
8560,1.4,2.1,3.0,2
8560,0.9,2.8,2.9,3
8560,0.3,2.8,2.9,4
8560,0.6,3.0,2.6,5
991,1.7,2.6,2.9,1
991,1.4,1.9,3.0,2
991,1.5,2.7,2.9,3
991,1.3,2.9,3.0,4
991,1.3,2.8,3.0,5
14211,2.7,2.8,2.5,1
14211,2.2,2.5,2.8,2
14211,1.7,3.0,3.0,3
14211,1.3,3.0,2.7,4
14211,1.6,2.4,2.6,5
13491,1.0,2.7,2.6,1
13491,1.2,2.0,2.7,2
13491,0.6,1.2,2.8,3
13491,0.3,1.6,2.9,4
13491,0.3,1.6,2.7,5
9309,2.7,2.5,2.9,1
9309,1.9,2.7,2.9,2
9309,0.9,2.5,3.0,3
9309,1.0,2.8,3.0,4
9309,1.1,2.5,3.0,5
5971,2.8,2.5,2.8,1
5971,2.1,2.9,2.5,2
5971,2.0,2.5,2.9,3
5971,1.6,2.7,2.6,4
5971,1.5,2.7,2.7,5
13330,2.0,2.2,2.8,1
13330,1.2,1.1,2.8,2
13330,1.2,2.0,2.8,3
13330,0.6,2.3,2.9,4
13330,0.7,2.1,2.7,5
7821,2.1,2.8,2.9,1
7821,0.9,2.5,3.0,2
7821,1.0,2.6,2.6,3
7821,0.8,2.7,2.6,4
7821,1.1,2.9,2.9,5
11991,3.0,2.3,2.8,1
11991,2.7,2.7,2.2,2
11991,2.7,1.7,2.4,3
11991,1.8,2.2,2.6,4
11991,2.1,2.5,3.0,5
4000,2.1,2.7,2.9,1
4000,1.4,2.5,2.8,2
4000,1.0,2.3,2.8,3
4000,1.6,2.9,2.4,4
4000,1.8,2.3,2.2,5
4366,3.0,2.7,2.7,1
4366,1.0,2.4,2.5,2
4366,1.2,2.8,2.8,3
4366,1.0,2.2,2.6,4
4366,0.5,2.0,2.6,5
9914,2.1,2.6,2.8,1
9914,1.6,2.4,2.7,2
9914,1.4,2.7,2.9,3
9914,1.2,2.5,2.8,4
9914,0.9,2.4,2.7,5
3306,0.6,1.0,2.9,1
3306,0.1,0.8,2.9,2
3306,0.2,1.1,2.6,3
3306,0.5,0.7,2.7,4
3306,0.2,1.2,2.6,5
7974,3.0,3.0,2.9,1
7974,2.1,2.0,2.8,2
7974,1.1,2.1,3.0,3
7974,0.9,2.3,2.9,4
7974,0.9,2.4,3.0,5
4719,1.0,2.9,2.9,1
4719,1.9,2.7,2.8,2
4719,0.8,2.7,2.9,3
4719,0.9,3.0,2.7,4
4719,0.5,2.5,2.9,5
13896,1.6,1.3,2.6,1
13896,0.9,1.3,2.7,2
13896,0.6,1.4,3.0,3
13896,0.7,1.2,2.7,4
13896,1.0,1.4,2.8,5
14046,2.0,1.9,3.0,1
14046,1.9,3.0,3.0,2
14046,1.1,3.0,3.0,3
14046,0.8,3.0,2.9,4
14046,0.7,3.0,3.0,5
5648,1.5,2.5,2.7,1
5648,1.4,1.2,2.9,2
5648,1.1,1.6,3.0,3
5648,0.8,1.3,2.7,4
5648,0.8,1.5,2.9,5
1984,2.2,2.6,2.8,1
1984,1.2,2.4,2.9,2
1984,0.6,2.4,2.7,3
1984,0.3,1.8,2.8,4
1984,0.4,2.5,2.9,5
7612,1.4,1.3,2.6,1
7612,1.2,2.6,2.9,2
7612,1.0,2.1,2.6,3
7612,1.0,2.6,2.6,4
7612,1.2,2.4,2.6,5
5462,2.4,2.1,3.0,1
5462,1.5,1.5,3.0,2
5462,1.5,1.5,3.0,3
5462,1.5,1.5,3.0,4
5462,1.8,1.6,2.8,5
5150,2.8,3.0,2.9,1
5150,1.0,2.9,2.9,2
5150,1.4,3.0,3.0,3
5150,1.8,2.7,2.9,4
5150,1.9,3.0,3.0,5
8836,2.8,2.3,2.7,1
8836,2.1,2.0,2.8,2
8836,2.3,2.2,2.7,3
8836,1.8,1.5,2.5,4
8836,2.1,2.3,2.6,5
13878,0.8,1.6,2.9,1
13878,0.6,1.0,2.4,2
13878,0.3,1.2,2.9,3
13878,0.4,1.0,2.8,4
13878,0.5,1.1,2.9,5
11981,1.5,1.5,2.9,1
11981,1.1,1.8,2.9,2
11981,1.0,2.8,2.8,3
11981,1.1,2.1,3.0,4
11981,0.9,1.9,3.0,5
11723,0.5,1.6,2.6,1
11723,0.2,0.9,2.7,2
11723,0.3,0.9,2.9,3
11723,0.5,1.0,2.8,4
11723,0.5,1.0,2.8,5
7131,2.1,2.1,2.9,1
7131,1.4,2.1,2.7,2
7131,1.4,1.9,2.5,3
7131,1.0,1.7,2.5,4
7131,1.2,2.2,2.9,5
11362,2.3,1.5,2.8,1
11362,1.4,1.4,2.9,2
11362,2.1,2.2,2.8,3
11362,2.4,2.6,3.0,4
11362,2.0,2.7,3.0,5
10855,2.4,2.0,2.5,1
10855,1.8,2.0,2.8,2
10855,1.8,2.9,3.0,3
10855,1.5,2.6,2.9,4
10855,1.5,3.0,2.7,5
11510,1.0,1.9,2.8,1
11510,0.4,2.1,3.0,2
11510,0.4,2.1,2.9,3
11510,0.4,2.6,2.6,4
11510,0.4,2.4,2.7,5
11002,2.1,2.0,2.6,1
11002,1.5,2.0,2.6,2
11002,1.5,2.7,2.6,3
11002,1.3,2.7,2.7,4
11002,1.8,2.7,2.7,5
9090,2.4,2.8,2.9,1
9090,1.8,3.0,2.8,2
9090,1.9,2.7,3.0,3
9090,1.2,2.3,2.9,4
9090,1.8,2.7,3.0,5
14200,3.0,3.0,2.9,1
14200,2.1,3.0,1.9,2
14200,3.0,3.0,2.7,3
14200,3.0,3.0,2.8,4
14200,2.7,2.7,2.8,5
7234,2.6,2.7,2.8,1
7234,2.2,2.5,2.9,2
7234,2.0,3.0,3.0,3
7234,1.4,3.0,2.8,4
7234,1.4,3.0,3.0,5
9861,2.7,2.3,3.0,1
9861,2.3,2.5,2.9,2
9861,1.4,1.5,2.6,3
9861,1.9,1.5,3.0,4
9861,1.8,1.8,3.0,5
10821,2.4,1.6,2.8,1
10821,1.8,2.5,3.0,2
10821,0.2,2.5,3.0,3
10821,1.4,2.9,2.9,4
10821,0.9,1.7,3.0,5
11816,2.5,2.7,3.0,1
11816,2.7,3.0,2.9,2
11816,1.4,2.5,3.0,3
11816,1.6,3.0,2.9,4
11816,2.0,3.0,2.8,5
5529,2.4,2.2,2.9,1
5529,0.6,2.4,2.9,2
5529,0.4,2.2,3.0,3
5529,0.5,2.0,2.9,4
5529,0.9,2.3,2.7,5
8080,1.8,1.7,2.6,1
8080,0.9,1.9,2.7,2
8080,0.8,1.7,2.5,3
8080,0.7,2.1,2.7,4
8080,0.8,2.2,2.8,5
10647,1.3,2.7,2.7,1
10647,1.0,1.9,2.8,2
10647,0.4,2.8,2.4,3
10647,0.4,2.5,2.8,4
10647,0.4,2.7,2.7,5
8460,2.0,2.7,2.8,1
8460,1.5,2.4,2.7,2
8460,1.2,2.8,2.6,3
8460,1.4,2.9,2.6,4
8460,1.1,2.7,2.7,5
5486,2.8,2.7,3.0,1
5486,1.7,1.1,2.9,2
5486,0.8,1.6,2.5,3
5486,0.9,2.4,3.0,4
5486,1.2,2.3,3.0,5
1341,1.0,1.7,3.0,1
1341,0.1,1.2,2.8,2
1341,0.3,1.8,3.0,3
1341,0.2,1.1,2.6,4
1341,0.1,1.0,2.9,5
9121,2.0,2.4,2.9,1
9121,2.1,2.3,2.9,2
9121,2.1,2.3,2.9,3
9121,2.0,2.3,3.0,4
9121,1.5,2.4,2.9,5
14582,1.5,2.8,2.7,1
14582,1.5,2.4,3.0,2
14582,1.6,2.8,3.0,3
14582,2.2,2.9,2.8,4
14582,1.9,2.7,2.9,5
10110,1.9,2.9,2.8,1
10110,0.8,2.8,3.0,2
10110,0.7,2.8,2.9,3
10110,0.6,2.9,2.7,4
10110,0.9,2.4,2.9,5
10883,0.0,2.4,2.9,1
10883,0.0,1.9,2.9,2
10883,0.0,2.0,2.9,3
10883,0.6,1.8,2.8,4
10883,0.8,2.3,2.7,5
2197,1.5,2.9,3.0,1
2197,1.0,2.1,2.9,2
2197,1.2,2.0,2.6,3
2197,1.2,1.7,3.0,4
2197,1.5,2.0,2.9,5
2635,2.9,2.9,2.9,1
2635,1.9,3.0,2.9,2
2635,2.0,3.0,3.0,3
2635,2.3,3.0,2.9,4
2635,2.2,2.7,3.0,5
1215,0.9,1.9,2.8,1
1215,1.0,1.3,2.8,2
1215,0.9,1.0,2.6,3
1215,0.8,1.3,2.8,4
1215,0.5,1.2,2.7,5
9948,0.9,1.2,2.7,1
9948,0.5,1.2,2.5,2
9948,0.4,1.0,2.6,3
9948,0.6,1.2,2.3,4
9948,0.6,1.0,2.7,5
2192,2.0,2.9,3.0,1
2192,1.8,3.0,2.9,2
2192,1.1,2.9,3.0,3
2192,1.4,2.7,3.0,4
2192,1.3,2.3,3.0,5
5708,2.9,3.0,2.9,1
5708,2.4,2.3,2.7,2
5708,2.7,2.3,2.6,3
5708,1.3,2.0,2.4,4
5708,0.8,2.6,2.6,5
14110,0.8,1.3,2.5,1
14110,0.4,1.1,2.6,2
14110,0.5,1.1,2.3,3
14110,0.5,1.2,2.7,4
14110,0.6,1.1,2.9,5
476,1.2,2.3,2.6,1
476,0.9,2.5,2.7,2
476,0.7,2.2,2.7,3
476,0.7,1.9,3.0,4
476,0.7,2.3,2.8,5
9966,0.9,1.5,2.7,1
9966,0.7,1.0,2.3,2
9966,0.6,1.2,2.3,3
9966,0.6,0.9,2.9,4
9966,0.5,0.9,2.7,5
3480,1.4,2.0,2.8,1
3480,0.9,1.9,2.7,2
3480,1.2,2.9,2.6,3
3480,0.4,1.3,3.0,4
3480,0.4,1.1,2.7,5
11908,2.4,2.8,2.7,1
11908,1.9,1.9,2.9,2
11908,1.5,2.0,2.9,3
11908,1.1,2.2,3.0,4
11908,0.8,2.5,2.8,5
9365,2.6,3.0,2.6,1
9365,1.8,2.0,2.7,2
9365,1.2,1.9,2.7,3
9365,0.8,2.0,3.0,4
9365,0.5,2.4,2.5,5
10030,0.7,2.1,2.9,1
10030,1.0,1.5,2.5,2
10030,0.9,1.5,2.7,3
10030,0.7,2.0,3.0,4
10030,0.7,1.6,2.6,5
12497,1.5,2.7,2.9,1
12497,1.0,2.3,2.4,2
12497,1.1,2.1,2.9,3
12497,1.3,2.0,2.6,4
12497,1.8,2.1,2.8,5
6755,2.3,1.0,3.0,1
6755,2.6,1.4,2.8,2
6755,1.1,1.5,2.9,3
6755,1.4,1.8,2.7,4
6755,1.4,1.3,2.6,5
6635,2.5,3.0,2.8,1
6635,2.4,2.5,2.7,2
6635,1.1,2.8,2.7,3
6635,1.3,2.1,2.5,4
6635,1.3,1.3,2.8,5
7620,2.6,2.7,2.6,1
7620,1.6,2.4,2.3,2
7620,1.3,2.8,2.6,3
7620,1.2,2.7,3.0,4
7620,1.1,2.4,2.8,5
7517,1.7,2.8,2.8,1
7517,1.5,1.5,3.0,2
7517,0.4,1.7,3.0,3
7517,0.4,2.2,2.8,4
7517,0.6,2.5,2.6,5
14266,2.3,2.2,2.7,1
14266,1.8,2.0,2.8,2
14266,0.7,2.5,2.7,3
14266,1.1,2.0,2.6,4
14266,1.1,1.9,2.8,5
10284,2.5,2.8,2.7,1
10284,2.5,2.6,2.6,2
10284,2.7,2.7,2.7,3
10284,2.4,2.9,2.7,4
10284,2.9,3.0,2.7,5
11964,2.2,1.2,2.8,1
11964,2.1,1.9,2.7,2
11964,1.0,2.2,2.5,3
11964,2.0,2.6,2.8,4
11964,1.9,2.7,2.7,5
6022,1.0,1.7,2.8,1
6022,1.5,1.7,2.8,2
6022,1.1,1.8,2.7,3
6022,1.2,1.6,2.8,4
6022,1.0,1.8,2.8,5
10228,3.0,1.4,2.9,1
10228,2.6,2.1,2.9,2
10228,2.1,2.4,3.0,3
10228,1.3,2.1,2.9,4
10228,0.7,2.3,2.9,5
957,1.7,2.7,2.6,1
957,1.0,1.7,2.7,2
957,0.7,1.4,2.6,3
957,0.6,1.6,2.7,4
957,0.4,0.9,2.7,5
9120,1.7,2.6,2.9,1
9120,1.8,2.3,2.8,2
9120,1.5,2.5,2.7,3
9120,0.9,2.4,3.0,4
9120,1.5,2.8,2.8,5
10216,1.9,2.9,3.0,1
10216,2.4,2.7,3.0,2
10216,1.6,3.0,2.9,3
10216,1.6,2.8,2.7,4
10216,1.4,2.8,2.8,5
5994,1.8,2.9,2.7,1
5994,1.4,2.6,2.4,2
5994,1.6,2.7,2.2,3
5994,1.1,3.0,2.8,4
5994,1.4,2.7,2.3,5
11884,1.8,2.6,2.8,1
11884,0.6,2.8,2.9,2
11884,0.5,1.6,2.7,3
11884,0.8,1.8,2.5,4
11884,0.8,1.7,2.9,5
7873,1.4,2.2,2.3,1
7873,0.6,1.8,2.2,2
7873,1.2,1.5,2.8,3
7873,0.5,1.4,2.9,4
7873,0.8,1.5,2.6,5
6605,1.8,2.6,2.4,1
6605,1.2,2.3,2.7,2
6605,1.5,2.7,2.3,3
6605,1.3,2.6,2.6,4
6605,1.2,2.0,2.9,5
12947,2.0,2.2,3.0,1
12947,1.1,2.7,3.0,2
12947,1.0,2.4,3.0,3
12947,1.1,2.2,3.0,4
12947,1.0,2.1,2.9,5
6048,1.3,1.2,2.8,1
6048,1.4,1.2,3.0,2
6048,1.0,1.1,2.7,3
6048,0.8,1.0,2.9,4
6048,0.9,1.9,2.9,5
14616,2.8,3.0,3.0,1
14616,1.8,3.0,3.0,2
14616,1.5,2.3,3.0,3
14616,0.9,2.7,3.0,4
14616,0.9,3.0,2.8,5
10219,1.7,1.9,3.0,1
10219,1.4,1.8,3.0,2
10219,1.2,1.8,2.8,3
10219,1.2,1.7,3.0,4
10219,1.0,1.6,3.0,5
2397,1.1,1.1,2.4,1
2397,0.6,1.0,2.9,2
2397,0.8,1.2,2.6,3
2397,0.8,1.8,2.6,4
2397,0.9,1.5,2.5,5
1729,2.8,2.9,2.8,1
1729,2.0,2.6,2.9,2
1729,1.3,3.0,3.0,3
1729,1.2,2.8,2.9,4
1729,1.5,2.5,2.8,5
3636,2.2,2.0,2.9,1
3636,1.5,2.6,3.0,2
3636,1.4,2.1,3.0,3
3636,1.4,2.5,2.8,4
3636,1.7,2.7,2.7,5
4324,2.8,1.8,3.0,1
4324,1.4,1.5,2.9,2
4324,0.8,2.3,3.0,3
4324,0.7,2.0,2.9,4
4324,0.7,2.0,3.0,5
8293,1.3,0.8,2.8,1
8293,0.9,0.6,2.5,2
8293,0.6,1.0,2.6,3
8293,0.7,0.8,2.7,4
8293,0.5,1.1,2.7,5
11867,1.5,2.6,2.7,1
11867,0.7,0.9,2.8,2
11867,0.8,1.2,2.8,3
11867,0.6,2.6,2.7,4
11867,0.5,2.7,2.5,5
3717,2.9,2.5,2.7,1
3717,1.6,2.6,2.8,2
3717,1.3,3.0,2.6,3
3717,0.3,2.1,2.9,4
3717,0.3,2.5,2.8,5
11562,1.1,2.4,2.6,1
11562,0.9,1.5,2.8,2
11562,1.0,1.3,2.6,3
11562,1.2,1.8,2.8,4
11562,1.1,1.5,2.6,5
4150,1.4,1.1,2.7,1
4150,0.9,1.2,2.7,2
4150,1.2,0.9,2.6,3
4150,1.0,1.4,2.6,4
4150,1.0,1.3,2.7,5
3523,0.6,2.9,2.8,1
3523,0.4,1.0,2.7,2
3523,0.5,2.0,2.7,3
3523,0.4,2.5,2.8,4
3523,0.4,1.1,2.7,5
1396,2.9,3.0,3.0,1
1396,0.8,1.6,2.4,2
1396,0.4,1.1,2.5,3
1396,0.4,1.6,2.8,4
1396,0.2,2.2,2.7,5
3833,2.1,0.8,2.6,1
3833,1.1,1.5,3.0,2
3833,1.0,1.1,2.5,3
3833,0.6,1.2,2.3,4
3833,0.8,1.6,2.6,5
10763,1.8,2.6,3.0,1
10763,1.4,2.1,2.7,2
10763,1.5,2.5,2.7,3
10763,1.8,2.4,3.0,4
10763,1.5,2.2,2.2,5
12714,2.3,2.3,2.9,1
12714,2.0,2.2,2.9,2
12714,1.4,2.4,3.0,3
12714,1.6,2.5,2.9,4
12714,1.1,2.2,2.8,5
1896,2.1,1.5,2.7,1
1896,1.6,2.0,2.7,2
1896,2.0,2.9,2.5,3
1896,1.3,2.3,2.3,4
1896,0.3,2.1,2.7,5
8909,0.8,1.3,2.6,1
8909,0.4,1.2,2.8,2
8909,0.3,1.0,2.4,3
8909,0.4,0.9,2.8,4
8909,0.2,1.7,3.0,5
5789,2.9,2.5,2.9,1
5789,2.1,1.9,2.8,2
5789,1.4,1.6,2.8,3
5789,2.0,1.9,2.5,4
5789,1.4,1.5,2.8,5
3323,1.9,1.2,2.5,1
3323,1.4,0.9,2.8,2
3323,1.1,0.9,2.6,3
3323,1.0,0.7,2.8,4
3323,1.1,0.7,2.5,5
4216,0.2,1.3,2.6,1
4216,0.3,2.6,2.7,2
4216,0.3,0.8,2.8,3
4216,0.7,0.6,2.5,4
4216,0.4,1.2,2.7,5
3746,1.2,1.7,2.8,1
3746,1.5,2.0,2.6,2
3746,1.1,2.0,2.9,3
3746,0.9,1.7,2.7,4
3746,1.1,1.5,2.5,5
4393,2.0,2.3,2.6,1
4393,1.0,2.4,2.8,2
4393,0.8,2.5,2.5,3
4393,1.3,1.7,2.5,4
4393,1.3,2.4,2.6,5
8773,1.9,1.8,3.0,1
8773,1.6,2.4,3.0,2
8773,0.7,2.0,2.9,3
8773,1.9,2.5,2.6,4
8773,1.5,1.4,3.0,5
12183,1.8,1.9,2.7,1
12183,1.0,1.3,2.7,2
12183,1.0,1.6,3.0,3
12183,1.1,2.1,2.6,4
12183,0.7,2.0,2.7,5
5644,2.2,2.9,2.8,1
5644,2.1,3.0,2.6,2
5644,2.2,1.6,2.8,3
5644,1.7,1.7,2.4,4
5644,1.9,2.0,3.0,5
14450,2.4,2.9,2.4,1
14450,2.0,2.9,2.9,2
14450,2.2,2.1,2.8,3
14450,1.7,2.1,2.8,4
14450,0.7,2.2,2.3,5
7523,2.5,3.0,3.0,1
7523,2.1,3.0,2.9,2
7523,2.1,2.6,3.0,3
7523,1.8,2.9,2.9,4
7523,1.5,2.7,3.0,5
5350,0.9,1.3,2.7,1
5350,1.3,1.4,2.7,2
5350,1.1,1.4,3.0,3
5350,1.0,2.4,2.7,4
5350,1.2,2.2,2.5,5
6261,2.6,3.0,2.9,1
6261,0.9,3.0,3.0,2
6261,0.9,3.0,2.9,3
6261,1.3,2.7,2.8,4
6261,1.2,3.0,2.6,5
142,3.0,2.4,2.5,1
142,0.6,2.6,3.0,2
142,1.4,2.5,3.0,3
142,0.8,2.5,2.9,4
142,0.5,2.7,2.7,5
10843,0.8,2.0,2.9,1
10843,0.8,1.9,2.8,2
10843,0.5,2.8,3.0,3
10843,0.4,2.5,2.6,4
10843,0.4,2.5,2.9,5
3525,1.9,2.6,2.6,1
3525,0.5,1.5,2.9,2
3525,0.3,2.4,2.7,3
3525,0.4,1.2,2.9,4
3525,0.4,1.2,2.7,5
4036,2.5,1.6,2.7,1
4036,2.1,2.0,2.9,2
4036,1.6,1.9,2.8,3
4036,1.5,2.7,3.0,4
4036,2.7,3.0,2.4,5
9358,1.4,2.1,2.9,1
9358,1.6,2.1,2.6,2
9358,1.5,2.3,2.9,3
9358,1.6,2.5,2.6,4
9358,1.6,2.3,3.0,5
966,2.6,2.8,2.6,1
966,0.9,2.7,2.6,2
966,0.6,2.7,2.7,3
966,0.5,1.4,2.8,4
966,0.4,1.1,2.7,5
5015,2.6,2.0,2.5,1
5015,1.5,2.0,2.7,2
5015,1.7,2.6,2.6,3
5015,1.6,2.6,2.5,4
5015,1.4,2.8,2.4,5
1816,1.9,2.1,2.6,1
1816,1.4,2.7,2.6,2
1816,1.0,2.2,2.5,3
1816,1.0,2.1,2.9,4
1816,1.0,2.2,2.5,5
5747,2.3,1.2,2.7,1
5747,1.2,0.9,2.6,2
5747,1.0,0.8,2.9,3
5747,1.0,1.0,2.7,4
5747,0.9,1.0,2.5,5
6636,2.7,2.3,2.6,1
6636,2.0,1.9,2.5,2
6636,1.8,2.2,2.5,3
6636,1.7,2.2,2.9,4
6636,1.6,2.4,3.0,5
14122,1.6,1.2,2.6,1
14122,0.7,1.2,2.8,2
14122,1.0,0.8,2.5,3
14122,0.6,0.9,2.7,4
14122,0.8,0.7,2.8,5
980,2.3,1.8,3.0,1
980,1.8,1.5,3.0,2
980,1.5,1.6,2.9,3
980,1.4,2.3,3.0,4
980,1.4,1.6,3.0,5
365,1.7,1.7,2.7,1
365,1.5,1.9,2.4,2
365,1.2,2.0,2.9,3
365,1.5,1.8,2.5,4
365,1.2,2.1,2.7,5
3068,1.2,2.5,2.5,1
3068,0.7,1.1,2.3,2
3068,0.7,1.2,2.5,3
3068,0.5,1.4,2.7,4
3068,0.2,1.0,2.5,5
9790,0.7,0.6,2.9,1
9790,0.5,1.0,2.7,2
9790,0.4,0.5,2.8,3
9790,0.8,1.1,2.6,4
9790,0.6,1.2,2.7,5
2331,1.6,2.3,2.9,1
2331,1.0,2.0,3.0,2
2331,0.8,3.0,3.0,3
2331,0.5,2.4,3.0,4
2331,0.7,2.6,2.9,5
6691,1.0,1.8,2.5,1
6691,0.6,2.2,2.4,2
6691,0.7,2.5,2.4,3
6691,0.8,2.6,2.8,4
6691,0.7,2.4,2.4,5
1918,1.0,2.7,3.0,1
1918,0.8,2.5,2.9,2
1918,0.8,2.7,2.9,3
1918,0.8,1.6,3.0,4
1918,1.0,1.6,2.8,5
10026,1.2,2.1,2.7,1
10026,0.7,1.2,2.7,2
10026,0.2,1.8,2.7,3
10026,0.2,1.3,2.7,4
10026,0.2,1.8,2.5,5
9084,1.6,1.3,2.6,1
9084,0.9,2.1,2.7,2
9084,0.8,1.6,2.8,3
9084,0.7,1.4,2.9,4
9084,0.7,1.4,3.0,5
14713,2.3,2.5,2.6,1
14713,1.5,1.6,2.9,2
14713,1.2,1.7,2.6,3
14713,1.0,2.0,2.5,4
14713,1.1,1.6,2.7,5
10707,2.2,2.9,2.6,1
10707,2.2,3.0,2.7,2
10707,2.4,2.4,2.8,3
10707,2.4,2.4,2.7,4
10707,1.6,2.4,2.7,5
12013,1.2,2.7,2.6,1
12013,1.0,2.5,2.8,2
12013,0.9,1.7,2.7,3
12013,0.6,1.3,2.8,4
12013,0.8,1.5,2.8,5
13031,2.2,2.4,3.0,1
13031,1.1,2.5,3.0,2
13031,1.1,3.0,2.9,3
13031,1.2,2.9,3.0,4
13031,0.8,2.5,3.0,5
13677,2.5,2.9,3.0,1
13677,1.8,3.0,2.9,2
13677,1.7,2.7,2.9,3
13677,1.7,2.9,2.9,4
13677,1.2,2.8,2.9,5
10846,2.9,2.6,3.0,1
10846,2.7,3.0,3.0,2
10846,2.4,2.9,2.9,3
10846,2.4,2.6,3.0,4
10846,2.1,2.7,2.9,5
10283,3.0,3.0,2.7,1
10283,2.7,2.9,2.8,2
10283,2.4,2.9,2.5,3
10283,2.4,3.0,2.7,4
10283,3.0,2.7,2.7,5
10042,2.2,3.0,2.8,1
10042,2.2,1.5,2.7,2
10042,1.7,2.7,2.8,3
10042,1.3,2.9,2.6,4
10042,0.4,2.6,2.7,5
9931,1.8,2.3,2.5,1
9931,0.8,2.3,2.8,2
9931,0.7,2.4,2.6,3
9931,1.0,2.3,2.8,4
9931,0.9,1.9,2.8,5
14002,1.4,1.4,2.6,1
14002,0.8,1.1,2.7,2
14002,0.3,1.4,2.8,3
14002,0.3,1.2,2.6,4
14002,0.3,1.0,2.5,5
2464,2.0,2.4,2.8,1
2464,2.0,2.5,3.0,2
2464,1.6,2.2,3.0,3
2464,1.3,2.3,3.0,4
2464,1.4,2.9,2.9,5
3938,2.9,2.7,2.6,1
3938,1.3,2.4,2.9,2
3938,1.5,2.9,2.8,3
3938,1.5,3.0,2.8,4
3938,1.3,2.8,2.8,5
14168,3.0,3.0,3.0,1
14168,2.3,3.0,3.0,2
14168,1.4,3.0,2.9,3
14168,0.7,2.8,3.0,4
14168,0.9,2.7,2.8,5
2630,1.3,1.8,3.0,1
2630,0.8,2.1,2.8,2
2630,0.4,2.1,3.0,3
2630,0.4,1.5,3.0,4
2630,0.7,1.4,3.0,5
4102,2.6,2.1,3.0,1
4102,2.2,2.3,3.0,2
4102,0.7,2.6,2.8,3
4102,0.8,2.6,2.2,4
4102,0.7,2.8,2.5,5
5033,1.9,1.8,2.6,1
5033,1.2,2.4,2.6,2
5033,1.2,2.2,2.6,3
5033,1.6,2.1,2.8,4
5033,1.2,2.2,2.8,5
12603,2.4,3.0,2.8,1
12603,1.1,3.0,2.9,2
12603,1.4,2.7,3.0,3
12603,1.3,3.0,3.0,4
12603,1.3,3.0,2.9,5
682,1.6,1.9,2.6,1
682,1.1,2.1,2.7,2
682,0.9,1.6,2.8,3
682,0.8,2.1,2.7,4
682,0.5,2.7,2.8,5
3987,2.4,3.0,2.6,1
3987,2.3,3.0,2.5,2
3987,1.4,1.9,2.8,3
3987,1.0,1.7,2.8,4
3987,1.2,2.3,2.7,5
11549,2.3,0.7,2.7,1
11549,0.9,2.6,2.6,2
11549,0.5,1.5,2.7,3
11549,0.3,2.6,2.8,4
11549,0.5,2.2,2.3,5
10419,2.3,2.5,2.7,1
10419,1.6,2.9,2.9,2
10419,0.5,1.9,3.0,3
10419,0.6,2.2,2.7,4
10419,0.3,2.1,2.7,5
7086,1.5,1.7,2.7,1
7086,1.6,2.9,2.9,2
7086,0.8,2.9,3.0,3
7086,0.9,3.0,2.5,4
7086,1.1,2.4,2.4,5
9893,1.9,1.6,2.6,1
9893,1.5,1.5,2.9,2
9893,1.3,1.1,2.7,3
9893,1.1,2.3,2.9,4
9893,1.9,2.6,2.9,5
5002,1.9,2.6,2.9,1
5002,1.9,2.8,2.9,2
5002,1.8,2.7,3.0,3
5002,1.7,2.6,2.5,4
5002,1.6,2.5,3.0,5
10455,2.7,1.8,3.0,1
10455,1.6,2.2,3.0,2
10455,1.8,2.8,3.0,3
10455,1.6,3.0,2.8,4
10455,1.2,2.8,3.0,5
4084,2.2,3.0,2.7,1
4084,1.8,2.4,2.8,2
4084,1.5,2.4,2.9,3
4084,1.8,2.1,3.0,4
4084,1.7,2.2,3.0,5
11608,2.1,2.5,2.8,1
11608,1.7,2.3,2.7,2
11608,1.7,1.9,3.0,3
11608,1.5,2.4,3.0,4
11608,1.5,2.4,3.0,5
7962,1.7,1.7,3.0,1
7962,1.6,1.2,2.9,2
7962,1.6,2.8,2.9,3
7962,1.6,2.9,2.7,4
7962,1.0,2.7,2.2,5
5717,0.9,2.3,2.9,1
5717,1.2,1.0,2.4,2
5717,1.0,1.9,2.5,3
5717,1.0,1.2,3.0,4
5717,1.1,1.6,2.9,5
9009,1.6,2.1,2.8,1
9009,1.2,2.1,2.8,2
9009,1.8,1.3,2.8,3
9009,1.8,1.0,2.9,4
9009,1.8,1.1,2.6,5
8961,0.2,2.8,3.0,1
8961,0.6,2.4,2.7,2
8961,0.3,2.6,2.7,3
8961,0.1,3.0,2.7,4
8961,0.1,2.9,2.9,5
5811,2.2,2.8,2.7,1
5811,1.5,2.4,3.0,2
5811,0.4,2.9,3.0,3
5811,0.5,2.9,3.0,4
5811,0.6,2.5,3.0,5
12597,2.9,3.0,3.0,1
12597,2.0,3.0,2.9,2
12597,1.6,3.0,3.0,3
12597,1.3,3.0,3.0,4
12597,1.0,3.0,2.8,5
331,2.2,2.7,2.9,1
331,2.4,2.3,2.9,2
331,1.8,3.0,3.0,3
331,1.6,3.0,2.9,4
331,2.3,3.0,3.0,5
5038,2.4,2.0,3.0,1
5038,2.6,2.7,2.8,2
5038,2.2,3.0,2.7,3
5038,2.5,2.9,3.0,4
5038,2.7,2.7,2.9,5
5583,2.4,2.4,2.8,1
5583,2.6,2.9,2.9,2
5583,1.4,2.9,2.7,3
5583,1.8,3.0,2.9,4
5583,1.4,2.9,2.8,5
11818,3.0,2.8,3.0,1
11818,1.5,3.0,3.0,2
11818,1.2,3.0,2.9,3
11818,1.8,3.0,2.8,4
11818,1.2,3.0,2.8,5
3609,1.6,1.8,2.4,1
3609,0.9,1.1,2.6,2
3609,0.7,1.4,2.7,3
3609,0.6,1.8,2.6,4
3609,0.6,1.1,2.9,5
9630,1.1,2.6,2.9,1
9630,1.2,1.6,2.8,2
9630,1.4,2.2,2.5,3
9630,1.0,2.0,2.7,4
9630,0.8,1.7,2.9,5
10362,1.8,1.7,2.8,1
10362,1.7,1.5,2.6,2
10362,1.2,1.8,2.9,3
10362,0.8,2.4,3.0,4
10362,0.8,2.5,3.0,5
13052,1.9,2.9,3.0,1
13052,1.9,2.2,2.9,2
13052,2.3,1.3,2.7,3
13052,1.5,2.6,3.0,4
13052,1.4,3.0,2.8,5
6138,0.5,2.0,2.9,1
6138,0.1,1.2,2.6,2
6138,0.0,1.6,2.7,3
6138,0.0,1.6,3.0,4
6138,0.0,1.6,2.8,5
787,3.0,2.7,2.9,1
787,2.0,2.7,2.9,2
787,0.7,3.0,3.0,3
787,0.3,3.0,2.8,4
787,1.0,2.9,3.0,5
4504,3.0,3.0,2.6,1
4504,2.3,3.0,2.5,2
4504,3.0,3.0,3.0,3
4504,1.9,3.0,2.7,4
4504,1.7,3.0,2.8,5
4809,2.4,1.9,2.8,1
4809,2.2,2.3,2.9,2
4809,1.2,2.6,2.9,3
4809,1.0,2.6,2.9,4
4809,1.0,2.2,2.9,5
13046,2.6,2.9,3.0,1
13046,1.9,2.2,2.6,2
13046,1.9,2.5,2.9,3
13046,1.6,2.5,3.0,4
13046,1.2,2.7,2.8,5
13713,0.9,2.9,2.6,1
13713,0.4,0.8,2.7,2
13713,0.5,2.5,2.6,3
13713,0.4,0.8,2.9,4
13713,0.3,1.6,2.6,5
3255,0.9,2.6,3.0,1
3255,0.6,2.6,3.0,2
3255,0.9,2.3,3.0,3
3255,1.3,2.3,2.9,4
3255,1.1,1.7,2.9,5
9220,1.6,1.9,2.5,1
9220,0.8,1.9,2.9,2
9220,1.0,1.3,2.4,3
9220,0.7,1.1,2.6,4
9220,0.6,1.4,2.7,5
13030,1.9,3.0,3.0,1
13030,2.0,2.3,2.7,2
13030,1.8,3.0,2.8,3
13030,1.6,3.0,1.9,4
13030,1.6,2.9,3.0,5
10483,0.7,1.2,2.9,1
10483,0.6,1.8,2.6,2
10483,0.8,1.0,2.6,3
10483,0.8,1.6,2.6,4
10483,0.8,1.4,2.8,5
6510,1.1,1.1,2.6,1
6510,0.7,1.1,2.9,2
6510,0.5,1.6,2.8,3
6510,0.5,1.4,3.0,4
6510,0.5,1.1,2.4,5
9979,2.7,1.7,2.5,1
9979,0.8,1.3,2.4,2
9979,1.0,1.6,2.5,3
9979,0.8,2.6,2.8,4
9979,1.0,2.6,2.8,5
4104,1.3,1.8,2.6,1
4104,1.4,1.9,2.7,2
4104,1.5,1.7,2.8,3
4104,1.1,2.6,2.5,4
4104,1.6,2.5,2.8,5
11118,1.6,1.4,2.7,1
11118,1.0,0.9,2.8,2
11118,0.8,2.7,2.8,3
11118,0.8,2.5,2.6,4
11118,0.9,2.5,2.5,5
13145,0.7,0.9,2.5,1
13145,0.5,1.2,2.8,2
13145,0.4,1.0,2.9,3
13145,0.3,1.2,2.6,4
13145,0.3,1.0,2.6,5
5230,2.0,2.2,2.9,1
5230,1.6,2.3,2.7,2
5230,0.7,1.8,2.4,3
5230,0.9,1.5,2.4,4
5230,1.2,1.7,2.4,5
2997,1.6,1.6,3.0,1
2997,1.0,2.3,2.8,2
2997,0.1,2.1,2.4,3
2997,0.1,1.6,3.0,4
2997,0.3,1.7,2.9,5
6006,1.7,1.3,2.3,1
6006,0.9,1.2,2.5,2
6006,0.7,0.9,2.8,3
6006,0.6,1.1,2.3,4
6006,0.6,1.2,2.9,5
4437,1.2,2.7,2.7,1
4437,0.7,2.6,2.5,2
4437,0.2,2.3,2.7,3
4437,0.2,2.1,2.8,4
4437,0.5,1.9,2.8,5
4464,1.8,1.7,2.9,1
4464,1.7,2.0,2.7,2
4464,1.3,2.8,3.0,3
4464,0.8,2.7,2.6,4
4464,1.4,2.4,2.7,5
10929,1.6,3.0,2.8,1
10929,1.9,2.7,2.6,2
10929,1.8,2.7,3.0,3
10929,1.8,2.7,2.9,4
10929,2.0,3.0,3.0,5
8527,2.0,1.6,3.0,1
8527,1.8,2.3,2.9,2
8527,1.1,1.6,2.5,3
8527,1.2,1.8,2.6,4
8527,1.4,2.3,3.0,5
12269,1.1,1.2,2.3,1
12269,1.0,1.7,2.5,2
12269,0.8,1.6,2.7,3
12269,0.9,1.7,2.6,4
12269,1.0,1.7,2.7,5
885,2.6,2.4,2.7,1
885,1.9,1.2,2.8,2
885,1.4,1.6,2.4,3
885,1.0,1.5,2.9,4
885,0.9,1.3,2.6,5
9044,1.2,2.2,2.8,1
9044,1.1,1.2,3.0,2
9044,1.3,2.0,2.5,3
9044,0.9,1.2,2.4,4
9044,0.9,1.7,2.8,5
397,1.9,2.4,2.9,1
397,1.7,2.7,2.7,2
397,1.6,3.0,2.8,3
397,1.8,2.2,2.8,4
397,2.0,2.2,3.0,5
168,1.7,1.9,2.9,1
168,0.7,1.7,2.8,2
168,0.8,1.7,2.7,3
168,1.2,2.1,2.9,4
168,0.5,1.1,2.8,5
14703,2.1,2.0,2.4,1
14703,1.4,1.7,2.8,2
14703,1.3,2.4,3.0,3
14703,0.9,2.9,2.9,4
14703,0.9,2.6,2.7,5
6090,2.3,2.3,2.9,1
6090,1.2,2.1,2.6,2
6090,0.8,2.5,2.8,3
6090,1.0,2.3,2.6,4
6090,1.0,2.3,2.5,5
6951,2.1,1.5,2.7,1
6951,1.4,1.2,2.9,2
6951,1.7,1.9,2.8,3
6951,1.2,1.9,2.8,4
6951,1.4,1.6,3.0,5
12049,2.7,2.1,2.8,1
12049,2.8,1.5,3.0,2
12049,1.7,1.7,3.0,3
12049,1.7,1.1,2.9,4
12049,1.1,1.2,3.0,5
13720,1.6,2.0,2.5,1
13720,1.8,1.7,2.7,2
13720,1.1,2.0,2.7,3
13720,1.0,2.0,2.7,4
13720,1.1,2.0,2.8,5
11959,1.7,2.0,2.6,1
11959,1.3,2.4,2.4,2
11959,1.3,2.3,2.7,3
11959,1.1,2.2,2.4,4
11959,1.3,2.3,2.7,5
7554,0.8,1.7,2.7,1
7554,0.4,2.4,2.4,2
7554,0.4,2.4,2.9,3
7554,0.3,2.6,2.7,4
7554,0.1,2.3,2.8,5
13553,0.8,2.4,2.6,1
13553,0.8,2.4,3.0,2
13553,0.7,1.7,2.9,3
13553,0.6,1.5,2.8,4
13553,0.2,0.7,2.6,5
4200,0.4,1.1,2.6,1
4200,0.3,1.7,2.6,2
4200,0.1,0.9,2.8,3
4200,0.3,2.5,2.6,4
4200,0.1,0.6,2.7,5
7799,0.6,0.7,2.6,1
7799,0.8,0.9,2.6,2
7799,0.6,0.6,2.8,3
7799,0.4,0.5,3.0,4
7799,0.5,0.5,2.7,5
2160,2.3,2.9,2.8,1
2160,1.9,2.7,3.0,2
2160,2.0,2.5,2.8,3
2160,1.8,3.0,3.0,4
2160,1.9,2.8,2.9,5
10347,1.4,2.6,2.6,1
10347,1.2,3.0,2.6,2
10347,0.7,2.3,2.7,3
10347,0.4,1.5,2.9,4
10347,0.5,1.3,3.0,5
12172,1.3,1.9,2.9,1
12172,1.1,2.0,2.6,2
12172,1.6,1.1,2.9,3
12172,1.0,2.1,2.6,4
12172,0.6,2.0,2.7,5
12571,0.1,1.2,2.9,1
12571,0.6,2.8,2.7,2
12571,0.5,2.3,2.8,3
12571,0.3,2.5,2.8,4
12571,0.2,2.4,2.8,5
2560,1.8,1.6,2.7,1
2560,1.7,1.7,2.4,2
2560,1.8,2.3,3.0,3
2560,1.3,2.4,2.9,4
2560,1.6,2.5,2.5,5
1405,2.1,2.6,2.8,1
1405,1.3,1.6,2.8,2
1405,1.2,2.2,2.6,3
1405,0.8,1.7,2.5,4
1405,0.8,2.2,2.6,5
8509,1.9,2.9,2.9,1
8509,1.4,2.9,3.0,2
8509,1.0,2.6,2.7,3
8509,0.6,2.8,3.0,4
8509,1.0,2.7,3.0,5
1594,1.4,2.3,2.9,1
1594,0.8,1.8,3.0,2
1594,0.6,2.5,3.0,3
1594,0.7,2.4,3.0,4
1594,0.7,2.4,2.9,5
4949,1.0,1.4,3.0,1
4949,0.7,1.3,2.7,2
4949,0.6,1.3,2.7,3
4949,0.6,1.1,2.5,4
4949,0.9,1.1,2.9,5
7906,1.1,2.8,2.6,1
7906,0.6,1.4,2.7,2
7906,0.4,1.4,2.8,3
7906,0.5,1.6,2.6,4
7906,0.6,1.6,2.7,5
3075,1.1,1.4,2.8,1
3075,0.8,0.9,2.3,2
3075,1.0,1.0,2.6,3
3075,0.9,1.0,2.7,4
3075,0.8,1.0,2.6,5
10733,1.7,2.5,2.6,1
10733,1.5,2.0,2.7,2
10733,1.5,2.9,2.8,3
10733,1.5,2.8,3.0,4
10733,1.5,2.3,2.6,5
10378,1.7,2.7,2.6,1
10378,1.9,2.4,2.9,2
10378,2.1,2.6,2.7,3
10378,1.8,2.3,2.5,4
10378,1.8,2.5,2.5,5
6142,0.4,2.4,2.7,1
6142,0.4,1.1,2.6,2
6142,0.2,1.8,2.7,3
6142,0.2,2.0,2.3,4
6142,0.2,1.0,2.8,5
3084,0.7,1.2,2.9,1
3084,0.7,1.0,2.7,2
3084,0.8,1.3,2.6,3
3084,0.6,1.0,2.5,4
3084,0.6,1.5,2.7,5
3882,1.4,2.7,2.7,1
3882,1.6,2.6,2.6,2
3882,1.0,2.3,2.4,3
3882,0.9,2.4,2.7,4
3882,0.6,2.4,2.8,5
14608,0.8,2.2,3.0,1
14608,0.6,2.5,2.9,2
14608,0.9,2.5,2.8,3
14608,1.0,2.8,3.0,4
14608,0.9,2.9,2.9,5
11570,1.9,1.8,2.6,1
11570,1.4,2.0,2.6,2
11570,1.1,1.5,2.5,3
11570,0.7,1.8,2.8,4
11570,0.5,1.3,2.8,5
9415,2.2,1.7,2.9,1
9415,0.5,1.8,2.3,2
9415,0.4,2.0,2.9,3
9415,0.4,2.1,2.5,4
9415,0.4,1.6,2.8,5
8531,2.2,2.0,2.8,1
8531,1.4,2.4,2.8,2
8531,1.6,2.1,2.5,3
8531,1.2,2.4,3.0,4
8531,1.0,2.7,3.0,5
3691,1.7,2.9,2.3,1
3691,1.5,3.0,2.6,2
3691,1.7,3.0,2.8,3
3691,1.6,2.7,2.7,4
3691,1.2,2.6,2.7,5
1840,1.7,1.6,2.8,1
1840,0.9,2.4,2.6,2
1840,0.5,2.7,2.9,3
1840,0.7,2.6,3.0,4
1840,0.7,2.6,2.6,5
1496,2.3,2.2,2.6,1
1496,1.3,1.9,2.9,2
1496,1.4,2.2,2.6,3
1496,1.9,2.2,2.8,4
1496,1.6,2.2,3.0,5
8353,1.0,2.4,2.6,1
8353,0.8,1.1,2.4,2
8353,0.2,2.0,2.9,3
8353,0.4,1.0,2.7,4
8353,0.7,1.3,2.5,5
8101,1.6,1.4,2.7,1
8101,0.7,1.9,2.8,2
8101,0.5,2.4,2.6,3
8101,0.3,2.1,2.8,4
8101,0.3,2.3,2.9,5
10899,1.9,1.2,3.0,1
10899,1.4,2.8,3.0,2
10899,1.4,2.3,3.0,3
10899,1.1,1.8,2.9,4
10899,1.0,1.9,2.9,5
5023,2.8,1.7,2.7,1
5023,2.4,2.5,2.5,2
5023,2.2,2.6,2.7,3
5023,2.2,2.1,2.7,4
5023,2.2,2.1,2.8,5
7885,1.4,1.3,2.6,1
7885,1.0,0.5,2.7,2
7885,0.9,0.5,2.4,3
7885,0.9,0.6,2.7,4
7885,0.9,0.5,2.6,5
2103,2.2,2.8,2.9,1
2103,2.3,2.2,2.9,2
2103,1.9,2.4,2.9,3
2103,1.8,2.3,3.0,4
2103,1.9,2.4,3.0,5
7019,2.1,1.1,2.8,1
7019,2.0,1.1,2.6,2
7019,1.0,1.3,2.8,3
7019,0.5,1.0,2.8,4
7019,0.6,1.2,2.7,5
1190,1.3,1.1,3.0,1
1190,0.7,0.6,3.0,2
1190,1.2,0.6,3.0,3
1190,1.5,3.0,2.9,4
1190,0.9,2.8,2.9,5
8181,1.0,1.4,2.7,1
8181,1.5,2.1,2.7,2
8181,1.6,2.1,2.7,3
8181,1.2,2.4,2.7,4
8181,0.9,2.1,2.6,5
2463,2.6,3.0,3.0,1
2463,1.6,3.0,2.9,2
2463,2.0,2.9,2.9,3
2463,1.6,3.0,2.8,4
2463,1.3,3.0,3.0,5
4671,1.4,2.3,2.6,1
4671,0.8,2.0,2.7,2
4671,0.8,1.6,2.7,3
4671,0.4,1.4,2.6,4
4671,0.3,1.5,2.6,5
2115,2.4,3.0,2.9,1
2115,0.9,2.0,2.6,2
2115,0.6,2.6,2.7,3
2115,0.5,2.2,2.8,4
2115,0.4,1.8,2.5,5
8476,1.5,1.0,2.6,1
8476,1.2,1.6,2.8,2
8476,1.1,1.4,2.9,3
8476,1.1,1.4,3.0,4
8476,0.8,1.3,2.9,5
3470,1.0,1.7,2.5,1
3470,0.9,1.8,2.8,2
3470,0.9,1.7,3.0,3
3470,0.7,1.1,2.8,4
3470,0.5,1.5,2.8,5
4896,2.4,1.9,2.7,1
4896,2.3,1.6,2.9,2
4896,2.2,1.8,2.6,3
4896,1.7,1.6,2.8,4
4896,1.5,2.0,2.9,5
2362,1.9,1.8,2.8,1
2362,1.5,1.5,2.7,2
2362,0.1,1.8,2.8,3
2362,0.3,1.6,2.3,4
2362,0.1,1.1,2.5,5
2695,1.4,2.5,3.0,1
2695,0.9,2.9,2.9,2
2695,0.7,2.4,3.0,3
2695,0.4,2.2,2.8,4
2695,0.7,2.9,2.9,5
7912,2.6,2.8,2.7,1
7912,2.0,2.1,2.9,2
7912,1.6,2.9,2.9,3
7912,1.3,3.0,2.9,4
7912,1.1,2.6,3.0,5
13308,1.6,2.2,2.5,1
13308,2.7,2.1,2.9,2
13308,1.3,2.0,2.9,3
13308,1.4,2.2,2.8,4
13308,1.5,2.1,2.9,5
13086,2.8,2.6,3.0,1
13086,2.6,2.8,2.9,2
13086,2.4,2.5,3.0,3
13086,1.7,2.5,2.9,4
13086,1.1,2.0,2.9,5
475,2.1,2.7,2.9,1
475,2.7,2.8,2.8,2
475,1.9,2.4,3.0,3
475,1.6,1.9,2.9,4
475,1.4,2.0,2.9,5
5025,2.8,2.4,2.8,1
5025,2.3,2.4,2.9,2
5025,1.7,1.7,2.5,3
5025,1.4,2.4,2.5,4
5025,1.3,2.0,2.7,5
3649,2.8,2.6,2.9,1
3649,2.2,2.6,2.8,2
3649,1.5,2.3,2.9,3
3649,1.6,2.4,2.9,4
3649,1.2,2.4,3.0,5
706,1.8,1.7,2.8,1
706,1.2,1.0,2.5,2
706,0.8,1.9,2.6,3
706,0.8,1.4,2.6,4
706,0.5,1.3,2.7,5
6320,2.8,2.9,2.8,1
6320,1.7,2.7,2.9,2
6320,1.3,2.7,2.8,3
6320,1.3,2.8,3.0,4
6320,1.2,2.8,2.7,5
2194,2.6,2.4,3.0,1
2194,2.0,2.7,2.7,2
2194,1.5,2.9,2.8,3
2194,1.6,2.9,2.7,4
2194,1.4,2.5,2.9,5
6198,2.4,2.1,2.5,1
6198,1.3,2.3,2.7,2
6198,1.3,2.9,2.9,3
6198,0.8,2.8,2.9,4
6198,1.0,2.0,2.7,5
8087,1.9,2.1,2.6,1
8087,2.0,2.7,2.0,2
8087,1.6,2.3,2.6,3
8087,1.4,2.4,2.6,4
8087,1.2,2.8,2.8,5
14213,2.3,2.3,2.5,1
14213,1.9,1.4,2.6,2
14213,1.6,1.6,2.8,3
14213,1.0,1.9,2.6,4
14213,1.1,2.2,3.0,5
550,2.3,1.3,2.7,1
550,1.4,1.8,2.8,2
550,1.4,2.2,2.3,3
550,1.0,1.8,3.0,4
550,1.4,2.3,2.7,5
8287,2.1,0.8,2.9,1
8287,0.6,0.6,2.3,2
8287,0.2,0.6,2.3,3
8287,0.1,0.8,2.7,4
8287,0.1,0.8,2.7,5
3503,2.8,2.7,2.7,1
3503,2.6,2.6,2.6,2
3503,1.9,2.1,2.9,3
3503,1.3,2.9,2.9,4
3503,1.3,2.7,2.8,5
663,1.5,2.3,2.4,1
663,1.4,2.3,2.6,2
663,0.9,2.1,2.7,3
663,0.9,2.1,2.8,4
663,0.9,2.2,2.8,5
8162,1.5,1.6,2.8,1
8162,0.7,2.3,2.8,2
8162,0.6,2.3,2.9,3
8162,0.6,2.3,2.6,4
8162,0.9,1.9,2.6,5
44,1.6,1.8,2.7,1
44,1.1,1.5,2.7,2
44,1.6,1.6,2.9,3
44,1.6,2.5,2.7,4
44,1.7,1.7,2.8,5
10864,2.8,2.5,2.9,1
10864,2.0,2.8,3.0,2
10864,1.4,2.5,3.0,3
10864,2.2,2.3,2.8,4
10864,1.7,2.7,3.0,5
12669,2.8,2.7,3.0,1
12669,2.1,2.1,3.0,2
12669,1.1,2.5,2.9,3
12669,1.3,2.4,2.6,4
12669,1.4,3.0,3.0,5
3343,1.6,2.7,2.6,1
3343,1.7,1.6,2.7,2
3343,0.9,1.1,2.9,3
3343,1.1,1.0,2.4,4
3343,0.8,1.0,2.8,5
8865,1.0,1.2,2.5,1
8865,1.0,1.7,2.5,2
8865,0.7,1.1,2.3,3
8865,1.0,1.4,2.8,4
8865,1.0,1.9,2.6,5
14615,1.3,2.7,3.0,1
14615,1.2,2.9,2.8,2
14615,1.2,2.9,2.9,3
14615,1.1,2.5,2.8,4
14615,1.3,2.6,2.9,5
2180,2.8,1.6,2.7,1
2180,1.1,1.6,2.9,2
2180,0.7,1.9,2.6,3
2180,0.8,1.5,2.7,4
2180,1.0,1.2,2.5,5
12904,2.1,2.3,2.9,1
12904,0.9,1.8,2.7,2
12904,0.4,2.2,2.7,3
12904,0.7,1.9,2.6,4
12904,1.0,2.1,2.6,5
12181,1.2,2.1,2.8,1
12181,1.0,2.1,2.9,2
12181,0.9,1.9,2.8,3
12181,2.1,1.8,2.8,4
12181,2.2,1.9,2.5,5
14425,1.3,1.5,2.8,1
14425,0.9,1.6,2.8,2
14425,1.1,1.5,2.8,3
14425,1.0,1.5,3.0,4
14425,0.8,1.8,2.2,5
9426,2.1,2.9,2.8,1
9426,1.3,2.2,2.6,2
9426,1.5,3.0,2.7,3
9426,1.4,3.0,2.9,4
9426,1.4,2.6,2.8,5
10161,1.4,3.0,2.6,1
10161,1.8,2.2,2.5,2
10161,1.7,2.4,2.7,3
10161,1.1,2.4,2.7,4
10161,1.2,2.6,2.8,5
9760,3.0,3.0,2.9,1
9760,1.3,3.0,3.0,2
9760,1.0,2.7,3.0,3
9760,1.0,3.0,2.8,4
9760,1.2,3.0,2.8,5
431,2.4,2.2,2.9,1
431,1.0,2.7,2.9,2
431,1.1,2.9,2.9,3
431,1.2,2.7,2.9,4
431,1.1,2.7,2.9,5
4128,2.5,3.0,2.8,1
4128,2.2,1.7,2.8,2
4128,2.0,1.8,2.8,3
4128,1.9,1.5,2.7,4
4128,2.2,1.6,2.9,5
4803,2.2,2.7,2.8,1
4803,1.0,2.4,2.8,2
4803,1.1,2.7,3.0,3
4803,1.0,2.0,2.9,4
4803,1.2,2.1,2.9,5
3043,0.7,0.7,2.6,1
3043,0.4,0.9,2.7,2
3043,0.7,2.5,3.0,3
3043,0.6,2.4,2.8,4
3043,0.4,2.0,2.7,5
9354,2.7,1.4,2.5,1
9354,2.1,2.3,2.8,2
9354,1.1,0.7,2.8,3
9354,0.5,1.7,2.1,4
9354,0.6,1.0,2.1,5
11572,1.3,2.4,2.9,1
11572,1.2,2.5,2.6,2
11572,0.5,2.8,2.6,3
11572,0.6,2.3,2.6,4
11572,1.0,2.1,2.5,5
12473,1.2,2.6,2.3,1
12473,0.2,2.8,2.9,2
12473,0.0,2.5,2.5,3
12473,0.1,1.1,2.6,4
12473,0.3,1.1,2.7,5
11214,1.6,2.2,2.6,1
11214,1.5,2.2,2.4,2
11214,1.3,2.4,2.6,3
11214,0.8,2.3,2.7,4
11214,0.6,1.7,2.8,5
8479,0.9,1.3,3.0,1
8479,0.9,2.7,2.9,2
8479,0.8,3.0,2.8,3
8479,1.1,2.5,2.6,4
8479,0.9,1.8,2.7,5
7049,0.8,1.0,2.7,1
7049,1.0,1.2,2.8,2
7049,0.8,0.9,2.6,3
7049,0.8,1.1,2.6,4
7049,0.8,1.4,2.7,5
9393,1.4,3.0,2.7,1
9393,1.5,2.7,2.9,2
9393,1.4,2.8,2.5,3
9393,0.8,1.3,2.8,4
9393,0.6,1.5,2.9,5
5310,1.4,1.1,2.6,1
5310,1.0,1.7,2.5,2
5310,0.9,1.7,2.4,3
5310,1.1,1.4,2.8,4
5310,0.9,1.7,2.7,5
6363,1.8,1.5,2.8,1
6363,0.9,1.0,2.5,2
6363,0.8,2.1,2.5,3
6363,0.6,0.8,2.7,4
6363,0.4,1.0,2.9,5
6718,2.2,2.9,3.0,1
6718,1.6,2.7,3.0,2
6718,1.4,2.6,2.9,3
6718,1.6,2.5,2.9,4
6718,1.8,2.9,3.0,5
14602,2.2,2.8,2.9,1
14602,2.0,2.8,2.8,2
14602,1.7,2.7,2.8,3
14602,1.1,2.5,3.0,4
14602,1.3,2.4,2.9,5
14483,0.4,2.7,2.8,1
14483,0.4,2.4,3.0,2
14483,0.4,2.6,2.9,3
14483,0.6,2.6,2.9,4
14483,0.5,2.2,2.8,5
12465,2.8,2.3,2.8,1
12465,0.9,2.0,2.8,2
12465,0.7,2.2,2.5,3
12465,0.7,2.9,3.0,4
12465,0.5,2.4,2.7,5
13544,2.5,0.7,2.5,1
13544,1.0,1.0,3.0,2
13544,0.0,1.0,2.9,3
13544,0.1,1.1,2.9,4
13544,0.4,0.8,2.9,5
8607,1.7,2.6,2.9,1
8607,1.5,3.0,2.9,2
8607,1.8,2.9,2.7,3
8607,1.6,2.9,2.8,4
8607,1.4,2.8,3.0,5
6041,2.2,1.7,2.9,1
6041,1.2,1.7,2.9,2
6041,2.2,1.5,2.6,3
6041,1.9,1.5,2.7,4
6041,1.6,2.1,2.9,5
10559,2.4,3.0,2.9,1
10559,0.9,3.0,2.9,2
10559,0.6,2.9,2.8,3
10559,0.1,2.8,2.7,4
10559,0.6,2.4,3.0,5
11243,1.8,1.6,2.9,1
11243,1.5,2.2,2.9,2
11243,1.4,2.6,2.8,3
11243,1.1,2.3,3.0,4
11243,1.4,2.5,3.0,5
5996,2.4,2.9,2.8,1
5996,0.6,1.6,2.7,2
5996,0.3,1.5,2.7,3
5996,0.6,1.8,2.9,4
5996,0.6,2.0,2.7,5
8740,2.3,2.5,3.0,1
8740,1.3,2.6,2.9,2
8740,1.1,2.1,2.9,3
8740,1.6,2.0,2.8,4
8740,0.9,2.1,3.0,5
12181,1.2,2.1,2.8,1
12181,1.3,2.1,2.9,2
12181,0.7,1.6,2.6,3
12181,1.0,2.0,2.9,4
12181,1.1,1.4,2.6,5
6321,1.8,2.4,2.5,1
6321,1.2,2.6,2.5,2
6321,1.5,2.5,2.7,3
6321,1.1,1.6,2.7,4
6321,1.2,1.4,2.6,5
10084,1.6,3.0,2.8,1
10084,2.0,1.7,2.8,2
10084,1.0,1.8,2.4,3
10084,1.0,2.1,2.8,4
10084,1.6,2.2,2.9,5
4901,2.4,1.5,2.8,1
4901,2.5,2.3,2.4,2
4901,1.9,2.7,2.9,3
4901,2.2,2.1,2.8,4
4901,2.0,1.9,2.8,5
10445,2.7,2.8,2.5,1
10445,1.0,2.2,2.7,2
10445,0.9,2.4,2.5,3
10445,1.1,1.6,2.6,4
10445,1.3,1.3,2.5,5
4954,1.4,2.2,2.5,1
4954,1.1,1.5,2.8,2
4954,1.8,2.6,2.8,3
4954,1.6,2.0,2.7,4
4954,1.8,2.0,2.9,5
4745,1.0,1.5,2.8,1
4745,1.0,1.8,2.9,2
4745,1.4,1.9,2.9,3
4745,1.0,2.1,3.0,4
4745,0.5,2.0,2.8,5
14672,1.2,2.2,3.0,1
14672,1.0,1.2,2.8,2
14672,0.6,1.2,2.5,3
14672,0.7,1.3,2.7,4
14672,0.7,1.2,2.4,5
6804,2.3,2.3,3.0,1
6804,1.9,2.3,2.8,2
6804,2.0,2.4,3.0,3
6804,1.2,2.5,2.9,4
6804,1.2,2.4,2.9,5
1641,0.6,2.1,2.6,1
1641,0.4,2.0,2.6,2
1641,0.6,2.1,2.8,3
1641,0.3,1.9,2.7,4
1641,0.1,2.0,3.0,5
1059,1.6,1.3,2.8,1
1059,0.8,0.6,2.9,2
1059,0.7,1.1,2.6,3
1059,0.8,1.3,2.9,4
1059,0.7,0.9,2.7,5
10176,2.9,1.6,2.7,1
10176,1.6,2.2,2.7,2
10176,0.8,2.2,2.9,3
10176,0.0,1.6,2.8,4
10176,0.3,1.5,2.9,5
10902,2.5,2.2,2.9,1
10902,1.6,2.6,3.0,2
10902,1.2,2.5,2.6,3
10902,1.1,2.4,3.0,4
10902,0.9,3.0,2.9,5
8387,0.8,0.6,2.7,1
8387,1.0,1.0,2.9,2
8387,1.0,1.1,2.5,3
8387,0.8,1.0,2.4,4
8387,0.7,1.0,2.8,5
1090,0.7,2.4,2.5,1
1090,0.4,2.2,2.8,2
1090,0.4,2.2,2.7,3
1090,0.4,2.0,2.6,4
1090,0.3,1.5,2.9,5
3720,1.6,2.9,2.8,1
3720,0.4,2.9,2.9,2
3720,0.6,2.9,2.8,3
3720,0.5,2.8,2.8,4
3720,0.4,2.8,2.9,5
13103,2.3,2.6,2.9,1
13103,1.8,1.4,2.8,2
13103,1.3,2.0,2.9,3
13103,1.4,2.2,2.6,4
13103,1.3,1.6,3.0,5
12467,2.9,2.7,2.5,1
12467,0.5,1.7,2.6,2
12467,0.7,1.1,2.9,3
12467,1.2,1.4,2.7,4
12467,1.3,1.3,2.7,5
5876,0.9,1.3,2.9,1
5876,1.1,2.6,2.8,2
5876,0.9,2.0,3.0,3
5876,0.7,2.3,2.7,4
5876,0.7,2.2,2.9,5
5408,1.7,0.8,2.3,1
5408,1.6,0.9,2.7,2
5408,1.4,0.7,3.0,3
5408,0.5,1.2,2.8,4
5408,1.1,1.2,2.8,5
13264,3.0,3.0,2.8,1
13264,2.7,3.0,2.7,2
13264,2.4,2.9,3.0,3
13264,2.4,3.0,2.9,4
13264,2.1,3.0,3.0,5
7433,1.8,1.1,2.8,1
7433,1.8,1.4,3.0,2
7433,1.0,1.1,2.7,3
7433,0.8,0.8,2.5,4
7433,0.8,1.0,2.5,5
8696,1.7,2.6,3.0,1
8696,1.3,2.1,3.0,2
8696,0.8,2.3,2.8,3
8696,1.1,2.7,2.9,4
8696,0.9,1.5,2.6,5
11045,1.8,1.8,2.8,1
11045,1.8,1.6,2.5,2
11045,1.8,1.1,2.7,3
11045,1.2,1.9,2.7,4
11045,1.4,2.1,2.9,5
5416,2.1,2.8,2.9,1
5416,1.1,2.6,2.5,2
5416,0.9,1.3,2.8,3
5416,0.6,1.3,2.4,4
5416,0.6,1.2,3.0,5
12181,1.2,2.1,2.8,1
12181,1.0,2.0,2.9,2
12181,0.7,2.0,2.7,3
12181,0.6,1.8,2.8,4
12181,0.6,2.3,2.9,5
1635,0.7,2.2,2.7,1
1635,0.9,2.2,2.8,2
1635,1.4,2.3,2.6,3
1635,1.0,2.3,2.6,4
1635,0.4,2.0,3.0,5
5930,1.6,2.4,2.7,1
5930,1.4,2.0,2.8,2
5930,1.5,1.6,2.8,3
5930,1.1,2.0,2.8,4
5930,1.2,2.2,3.0,5
10498,2.4,3.0,2.7,1
10498,2.4,2.7,2.9,2
10498,2.4,3.0,2.7,3
10498,2.4,2.7,3.0,4
10498,2.1,2.7,3.0,5
7644,0.4,2.4,2.2,1
7644,0.4,2.4,2.7,2
7644,0.1,1.6,2.7,3
7644,0.0,1.9,2.4,4
7644,0.1,0.7,2.9,5
8874,1.8,1.9,3.0,1
8874,2.6,2.5,2.8,2
8874,1.0,3.0,2.4,3
8874,1.4,3.0,2.7,4
8874,1.1,2.5,2.8,5
5998,2.2,1.0,2.5,1
5998,0.6,0.9,2.7,2
5998,0.5,1.0,2.6,3
5998,0.6,1.2,2.5,4
5998,0.8,1.2,2.8,5
3287,2.6,2.0,2.9,1
3287,1.5,2.2,2.7,2
3287,2.0,3.0,2.9,3
3287,1.1,3.0,2.8,4
3287,2.0,2.7,3.0,5
12677,2.1,2.1,2.8,1
12677,2.2,1.6,3.0,2
12677,1.9,2.4,3.0,3
12677,2.0,2.5,3.0,4
12677,1.9,2.3,2.9,5
1929,2.4,2.2,3.0,1
1929,2.3,2.6,3.0,2
1929,1.1,2.8,2.9,3
1929,0.5,2.9,3.0,4
1929,1.0,1.9,3.0,5
8643,2.4,2.9,2.7,1
8643,1.7,2.5,2.7,2
8643,1.8,1.5,2.7,3
8643,1.4,2.3,2.8,4
8643,1.4,2.1,2.5,5
3835,1.7,2.6,2.7,1
3835,1.6,2.7,2.9,2
3835,1.6,2.7,2.6,3
3835,1.5,2.4,2.6,4
3835,1.3,2.4,2.9,5
9344,0.7,2.2,2.6,1
9344,0.7,1.9,2.5,2
9344,0.3,2.3,2.7,3
9344,0.7,2.5,2.7,4
9344,0.8,2.1,2.3,5
13508,1.9,2.6,2.5,1
13508,1.4,1.6,2.8,2
13508,1.7,3.0,2.7,3
13508,1.5,2.2,2.8,4
13508,1.5,2.1,2.3,5
10240,1.6,1.6,2.3,1
10240,1.1,2.0,2.6,2
10240,1.4,2.2,2.6,3
10240,1.2,1.8,2.4,4
10240,0.9,1.3,3.0,5
1829,1.5,2.3,2.8,1
1829,2.0,2.8,2.9,2
1829,2.1,2.3,2.8,3
1829,1.7,2.3,2.8,4
1829,1.5,2.1,3.0,5
91,1.8,2.6,2.9,1
91,1.4,2.3,2.8,2
91,1.2,2.2,2.9,3
91,1.5,2.1,3.0,4
91,1.8,1.7,3.0,5
253,2.7,2.6,2.7,1
253,1.9,1.1,2.7,2
253,1.7,1.3,2.8,3
253,1.4,1.1,2.7,4
253,1.6,1.4,2.6,5
11656,1.0,1.1,2.9,1
11656,1.1,0.9,2.7,2
11656,1.2,2.0,2.6,3
11656,0.2,2.6,2.7,4
11656,0.2,1.3,2.7,5
1845,0.9,2.6,2.7,1
1845,1.0,2.2,2.7,2
1845,0.8,2.7,2.9,3
1845,0.6,2.6,3.0,4
1845,0.3,2.3,2.7,5
3576,2.1,2.8,2.6,1
3576,0.9,1.1,2.5,2
3576,0.6,1.9,2.9,3
3576,0.7,1.9,2.8,4
3576,0.9,1.7,2.9,5
6502,2.2,1.2,2.9,1
6502,0.4,1.7,2.6,2
6502,0.5,1.1,3.0,3
6502,0.4,1.6,2.6,4
6502,0.3,1.6,2.7,5
12047,1.3,1.4,2.9,1
12047,0.8,1.7,2.9,2
12047,0.8,1.6,2.9,3
12047,0.8,1.3,2.8,4
12047,0.8,1.3,3.0,5
1241,2.5,2.8,2.6,1
1241,2.0,2.7,2.8,2
1241,1.5,2.8,2.7,3
1241,1.6,3.0,2.7,4
1241,1.4,2.7,2.8,5
7394,2.0,1.8,2.7,1
7394,1.4,2.1,3.0,2
7394,0.8,2.0,2.8,3
7394,1.3,2.1,2.7,4
7394,1.5,2.2,2.9,5
4773,0.9,2.9,2.6,1
4773,0.6,1.6,2.6,2
4773,0.8,1.5,2.7,3
4773,0.4,2.2,2.6,4
4773,0.4,2.2,2.8,5
7889,1.9,1.9,2.5,1
7889,0.7,1.3,2.8,2
7889,0.5,1.1,2.6,3
7889,0.7,0.8,2.5,4
7889,0.6,0.5,2.8,5
1996,1.8,2.4,2.8,1
1996,1.3,2.3,2.9,2
1996,0.4,2.7,3.0,3
1996,0.3,2.4,2.9,4
1996,0.3,1.2,3.0,5
6762,1.7,1.8,2.7,1
6762,1.1,1.6,2.8,2
6762,0.9,1.8,2.7,3
6762,1.2,1.3,2.8,4
6762,1.2,1.5,2.8,5
7227,1.9,2.9,2.5,1
7227,1.9,2.3,2.7,2
7227,1.2,2.2,2.5,3
7227,1.1,2.5,2.8,4
7227,1.0,2.4,2.6,5
9624,1.2,1.5,2.5,1
9624,1.0,1.9,2.5,2
9624,0.9,1.7,2.8,3
9624,0.9,2.6,2.6,4
9624,0.9,1.8,3.0,5
13083,2.6,3.0,2.6,1
13083,1.9,2.3,2.8,2
13083,1.1,1.8,2.5,3
13083,1.2,1.6,2.8,4
13083,1.0,1.2,3.0,5
9114,2.9,3.0,3.0,1
9114,1.9,2.6,2.9,2
9114,1.4,2.8,3.0,3
9114,1.3,3.0,2.8,4
9114,1.5,2.9,2.7,5
11459,2.3,2.9,2.4,1
11459,1.7,2.4,2.6,2
11459,2.4,2.3,2.7,3
11459,1.4,1.8,2.7,4
11459,1.1,2.1,2.9,5
9773,1.9,1.2,2.4,1
9773,0.7,1.0,2.5,2
9773,0.5,1.0,2.4,3
9773,0.6,1.0,2.8,4
9773,0.7,0.9,2.6,5
14155,2.2,3.0,2.9,1
14155,1.7,2.4,3.0,2
14155,1.9,2.6,3.0,3
14155,1.9,2.2,2.8,4
14155,1.9,1.9,2.8,5
4525,1.2,1.6,2.7,1
4525,1.0,1.1,2.5,2
4525,1.0,1.5,2.6,3
4525,0.6,1.4,2.8,4
4525,0.3,1.4,2.6,5
6421,1.1,2.3,2.9,1
6421,1.2,1.7,2.8,2
6421,1.2,2.0,3.0,3
6421,1.1,2.0,3.0,4
6421,1.4,2.2,2.7,5
10908,2.6,3.0,2.7,1
10908,2.4,2.1,3.0,2
10908,2.0,2.1,2.9,3
10908,1.6,2.3,3.0,4
10908,1.6,2.1,2.8,5
6078,2.3,2.4,2.5,1
6078,0.5,2.1,2.9,2
6078,0.5,2.6,2.8,3
6078,0.9,2.8,2.8,4
6078,0.7,2.8,2.7,5
1857,1.9,2.7,2.7,1
1857,1.2,2.2,2.8,2
1857,0.7,2.0,2.6,3
1857,0.7,2.0,2.5,4
1857,0.5,1.8,2.8,5
8336,1.7,3.0,2.9,1
8336,0.9,3.0,2.9,2
8336,0.5,3.0,2.6,3
8336,0.6,2.8,2.2,4
8336,0.8,2.3,2.4,5
13266,2.5,3.0,2.9,1
13266,2.3,3.0,2.8,2
13266,1.4,2.8,3.0,3
13266,1.5,2.7,3.0,4
13266,1.7,2.6,2.8,5
3730,2.1,2.2,3.0,1
3730,0.7,2.0,2.6,2
3730,0.9,2.3,2.7,3
3730,0.6,3.0,2.8,4
3730,0.6,2.4,2.7,5
3842,1.7,2.0,2.7,1
3842,2.2,2.1,2.7,2
3842,1.5,2.1,2.5,3
3842,0.9,2.0,2.6,4
3842,1.1,2.1,2.6,5
13348,2.4,2.2,2.7,1
13348,2.3,2.7,2.5,2
13348,2.1,2.3,2.7,3
13348,1.7,2.8,3.0,4
13348,1.6,2.9,2.8,5
6613,2.2,2.2,2.8,1
6613,2.2,2.1,2.9,2
6613,1.9,2.3,2.5,3
6613,1.2,2.5,2.7,4
6613,1.2,2.7,2.8,5
2911,1.3,2.7,3.0,1
2911,1.6,2.9,3.0,2
2911,1.4,2.6,2.8,3
2911,1.4,2.9,3.0,4
2911,1.3,3.0,3.0,5
9867,2.1,3.0,2.7,1
9867,1.8,2.2,3.0,2
9867,1.6,2.2,2.8,3
9867,1.8,2.2,2.3,4
9867,1.5,1.2,2.7,5
11293,2.0,1.3,2.8,1
11293,1.1,0.9,2.9,2
11293,0.9,1.2,2.7,3
11293,0.8,1.4,2.7,4
11293,1.0,1.3,2.7,5
670,1.8,2.6,2.8,1
670,1.8,2.6,2.5,2
670,1.3,2.6,2.7,3
670,1.8,2.6,2.7,4
670,1.6,2.2,2.8,5
9827,1.5,1.2,2.4,1
9827,0.6,0.9,2.8,2
9827,0.6,1.6,2.8,3
9827,0.6,1.0,2.6,4
9827,0.6,1.2,2.7,5
167,3.0,2.4,3.0,1
167,2.1,1.8,2.8,2
167,1.6,2.4,2.6,3
167,1.8,2.6,3.0,4
167,1.5,2.4,2.2,5
3202,1.0,0.5,2.4,1
3202,1.5,1.1,2.9,2
3202,1.2,1.7,2.7,3
3202,0.5,1.7,2.8,4
3202,0.2,1.7,2.6,5
4417,1.2,1.8,2.4,1
4417,1.0,2.0,2.8,2
4417,0.7,2.5,2.6,3
4417,0.9,2.2,2.8,4
4417,1.0,2.3,2.6,5
10370,1.0,1.8,2.8,1
10370,2.1,1.2,2.8,2
10370,0.8,1.6,2.8,3
10370,0.6,1.6,2.9,4
10370,0.7,1.8,2.8,5
11515,0.6,2.1,2.7,1
11515,0.4,2.0,2.5,2
11515,0.1,2.0,2.9,3
11515,0.5,1.7,2.6,4
11515,0.5,1.8,2.6,5
11595,2.2,2.7,2.8,1
11595,1.9,2.2,2.7,2
11595,1.6,2.0,2.9,3
11595,1.4,2.3,2.9,4
11595,1.5,1.6,3.0,5
13546,1.7,1.5,2.8,1
13546,0.6,1.2,2.9,2
13546,0.3,1.3,2.8,3
13546,0.0,1.2,2.9,4
13546,0.0,1.1,2.6,5
5316,1.6,3.0,2.9,1
5316,1.3,2.5,2.6,2
5316,1.4,2.3,3.0,3
5316,0.9,1.7,2.7,4
5316,0.8,1.8,2.5,5
469,1.9,2.1,2.7,1
469,1.0,1.8,2.6,2
469,1.1,1.9,2.9,3
469,1.2,2.0,2.8,4
469,1.3,2.4,2.7,5
8741,1.4,2.9,2.9,1
8741,1.3,1.3,2.8,2
8741,1.0,1.4,2.8,3
8741,1.3,1.0,2.7,4
8741,0.9,0.9,2.6,5
10315,1.7,2.4,2.9,1
10315,1.0,1.8,3.0,2
10315,1.0,2.3,2.8,3
10315,0.8,1.9,2.6,4
10315,0.7,1.9,2.8,5
10211,1.7,2.4,2.9,1
10211,2.3,2.6,3.0,2
10211,0.7,1.7,3.0,3
10211,0.5,2.4,3.0,4
10211,0.6,2.4,3.0,5
1843,2.8,3.0,3.0,1
1843,1.5,2.7,2.8,2
1843,2.5,3.0,2.8,3
1843,2.1,2.8,2.9,4
1843,0.9,2.9,2.8,5
8553,1.0,1.9,2.8,1
8553,0.7,2.2,2.5,2
8553,1.1,2.7,2.9,3
8553,0.7,2.4,2.8,4
8553,0.8,2.6,2.7,5
9740,2.8,2.5,2.8,1
9740,2.3,1.9,2.6,2
9740,1.0,1.8,2.5,3
9740,1.2,2.3,2.4,4
9740,1.1,1.7,2.5,5
5019,2.1,2.0,2.8,1
5019,1.6,2.2,2.4,2
5019,1.4,1.8,2.7,3
5019,1.7,1.6,2.7,4
5019,1.7,2.2,2.7,5
12561,2.0,1.4,2.9,1
12561,2.0,1.9,2.9,2
12561,1.2,2.6,2.6,3
12561,1.1,2.4,3.0,4
12561,0.9,2.4,2.9,5
14609,0.9,2.8,3.0,1
14609,0.8,2.3,2.7,2
14609,0.7,2.7,3.0,3
14609,0.8,2.7,3.0,4
14609,0.8,2.8,2.6,5
6181,2.7,2.1,2.5,1
6181,2.4,1.4,2.3,2
6181,2.2,2.0,2.7,3
6181,2.3,2.0,2.8,4
6181,2.2,3.0,2.8,5
13525,1.6,2.7,2.4,1
13525,1.3,2.9,2.2,2
13525,1.4,2.8,2.0,3
13525,1.9,3.0,2.8,4
13525,1.6,3.0,2.9,5
1637,0.8,2.3,2.7,1
1637,0.3,1.8,3.0,2
1637,0.8,2.3,2.8,3
1637,0.4,2.3,2.7,4
1637,0.2,2.0,2.8,5
975,0.8,1.8,2.5,1
975,0.8,2.4,3.0,2
975,1.2,2.1,2.7,3
975,1.2,1.2,2.6,4
975,0.9,1.5,2.6,5
14434,1.0,2.1,2.6,1
14434,0.7,3.0,2.8,2
14434,0.8,2.9,2.5,3
14434,0.8,1.7,2.3,4
14434,0.8,1.4,2.6,5
574,1.5,1.7,2.4,1
574,0.7,1.6,3.0,2
574,0.6,1.1,2.8,3
574,0.4,0.9,2.6,4
574,0.6,1.5,2.8,5
10389,2.4,2.6,2.8,1
10389,2.1,2.8,2.9,2
10389,2.1,2.5,3.0,3
10389,2.1,1.8,3.0,4
10389,2.4,1.8,2.7,5
8612,2.2,2.9,3.0,1
8612,1.9,2.8,2.8,2
8612,1.6,2.5,2.9,3
8612,1.5,2.9,3.0,4
8612,1.1,2.6,3.0,5
6613,2.2,2.2,2.4,1
6613,2.3,1.8,2.7,2
6613,2.2,2.2,2.5,3
6613,1.8,2.4,2.6,4
6613,1.8,2.3,2.6,5
4258,2.6,2.8,2.8,1
4258,1.5,2.5,2.7,2
4258,1.3,1.5,2.6,3
4258,1.1,1.2,2.4,4
4258,1.0,1.4,2.8,5
2896,3.0,3.0,3.0,1
2896,2.7,3.0,3.0,2
2896,2.1,2.7,3.0,3
2896,2.1,2.7,2.9,4
2896,2.0,3.0,2.9,5
1935,2.3,2.9,2.7,1
1935,1.6,2.8,2.8,2
1935,1.3,2.6,2.9,3
1935,0.9,2.6,2.9,4
1935,1.2,3.0,3.0,5
4440,2.4,2.9,3.0,1
4440,2.4,2.4,2.9,2
4440,1.8,2.6,2.9,3
4440,2.4,2.7,3.0,4
4440,1.8,2.4,2.9,5
10759,2.0,2.0,2.6,1
10759,1.7,2.3,2.6,2
10759,1.2,2.6,2.5,3
10759,1.0,2.8,2.9,4
10759,1.4,2.4,3.0,5
7556,1.2,2.9,2.8,1
7556,1.2,2.8,2.7,2
7556,1.1,2.7,2.6,3
7556,0.8,3.0,2.6,4
7556,0.7,2.6,2.8,5
3760,2.3,2.3,2.6,1
3760,2.1,2.1,2.7,2
3760,1.5,2.3,2.5,3
3760,0.7,2.1,2.7,4
3760,0.8,2.7,2.7,5
3546,1.4,1.5,2.4,1
3546,1.0,1.4,2.8,2
3546,0.8,1.8,3.0,3
3546,1.0,1.5,2.6,4
3546,0.7,1.5,2.9,5
11620,1.6,2.5,2.9,1
11620,1.3,2.6,3.0,2
11620,0.7,2.5,2.8,3
11620,0.7,1.4,2.9,4
11620,0.9,1.0,2.9,5
6460,3.0,2.7,3.0,1
6460,2.7,2.7,2.9,2
6460,2.3,2.4,3.0,3
6460,2.0,2.4,2.9,4
6460,1.7,2.1,3.0,5
13123,1.7,2.4,2.4,1
13123,1.0,1.5,3.0,2
13123,0.3,2.2,2.8,3
13123,1.5,2.3,2.9,4
13123,0.7,1.5,2.8,5
6621,2.7,2.7,2.7,1
6621,2.0,1.8,2.6,2
6621,1.4,1.4,2.7,3
6621,1.4,2.7,2.7,4
6621,1.4,2.6,2.8,5
3057,2.9,3.0,2.6,1
3057,2.1,3.0,2.9,2
3057,1.1,2.5,2.8,3
3057,0.7,2.9,3.0,4
3057,0.8,3.0,3.0,5
13617,2.0,2.4,2.9,1
13617,1.9,3.0,2.8,2
13617,1.7,2.8,2.3,3
13617,1.0,1.8,3.0,4
13617,1.1,1.9,2.8,5
2028,2.1,2.9,3.0,1
2028,2.3,2.7,2.6,2
2028,2.5,2.4,2.8,3
2028,2.5,2.7,3.0,4
2028,2.4,2.7,3.0,5
13197,2.9,3.0,2.6,1
13197,2.4,2.7,2.7,2
13197,2.4,3.0,2.8,3
13197,1.8,2.9,2.7,4
13197,2.1,3.0,2.8,5
9220,1.6,1.9,2.9,1
9220,0.8,1.9,2.8,2
9220,0.8,1.6,2.8,3
9220,0.9,1.5,2.7,4
9220,1.0,1.3,2.8,5
7960,1.4,1.5,2.7,1
7960,1.0,1.4,2.7,2
7960,0.7,1.6,2.8,3
7960,0.4,1.4,2.7,4
7960,0.3,1.5,2.9,5
5040,3.0,3.0,3.0,1
5040,2.6,2.4,3.0,2
5040,1.7,2.8,2.9,3
5040,1.8,2.9,2.8,4
5040,0.7,3.0,3.0,5
11548,0.5,0.7,2.1,1
11548,0.5,2.0,2.7,2
11548,0.8,2.3,2.7,3
11548,0.5,1.9,2.6,4
11548,0.4,2.5,2.7,5
480,1.4,2.8,2.5,1
480,1.2,2.3,2.8,2
480,1.8,2.2,2.8,3
480,1.3,2.0,2.8,4
480,1.0,2.3,2.9,5
5369,1.3,2.6,3.0,1
5369,1.6,2.4,3.0,2
5369,0.9,2.8,2.9,3
5369,0.8,2.3,2.8,4
5369,0.9,2.6,3.0,5
6872,2.1,2.0,2.9,1
6872,1.5,2.7,2.8,2
6872,1.6,1.1,2.3,3
6872,1.4,1.5,2.7,4
6872,1.4,1.2,2.5,5
3608,0.9,1.6,2.9,1
3608,0.7,1.1,2.9,2
3608,0.7,1.2,2.7,3
3608,0.4,0.8,2.7,4
3608,0.6,1.3,2.9,5
6268,1.6,2.0,2.6,1
6268,1.4,1.7,2.9,2
6268,1.4,2.3,2.7,3
6268,1.2,2.1,2.8,4
6268,1.2,2.4,3.0,5
2159,2.6,2.6,2.9,1
2159,2.7,2.9,2.9,2
2159,2.2,3.0,3.0,3
2159,1.6,3.0,3.0,4
2159,1.1,2.9,2.9,5
5711,2.3,3.0,2.9,1
5711,1.4,2.7,2.9,2
5711,1.4,2.8,3.0,3
5711,1.3,2.1,2.9,4
5711,1.2,2.3,2.8,5
1534,1.8,1.2,3.0,1
1534,1.7,1.0,2.9,2
1534,0.9,1.6,2.9,3
1534,0.6,1.6,2.9,4
1534,0.5,1.5,3.0,5
4587,2.8,1.3,2.8,1
4587,0.8,0.9,2.4,2
4587,0.9,1.1,2.7,3
4587,0.7,1.1,2.6,4
4587,1.0,1.2,2.6,5
4609,2.6,2.9,2.9,1
4609,2.4,2.9,3.0,2
4609,2.1,2.9,3.0,3
4609,1.7,2.8,2.8,4
4609,1.8,3.0,2.8,5
12125,0.8,1.4,2.9,1
12125,0.8,1.7,2.9,2
12125,0.6,0.9,2.8,3
12125,1.1,1.3,2.9,4
12125,1.1,1.8,2.9,5
11088,1.6,1.5,2.6,1
11088,1.7,2.6,2.8,2
11088,1.3,2.8,2.9,3
11088,1.6,2.8,3.0,4
11088,1.4,1.9,2.7,5
2027,3.0,2.4,3.0,1
2027,2.7,2.4,2.9,2
2027,1.9,2.9,2.9,3
2027,1.9,2.6,3.0,4
2027,1.5,3.0,3.0,5
8557,3.0,2.6,2.8,1
8557,2.2,2.2,2.5,2
8557,1.6,2.1,2.9,3
8557,0.9,2.2,2.7,4
8557,0.9,2.2,2.7,5
11346,1.0,1.2,2.6,1
11346,0.8,1.3,2.8,2
11346,0.8,1.2,2.6,3
11346,0.6,1.7,2.9,4
11346,0.5,1.7,2.8,5
285,2.9,1.9,2.9,1
285,2.6,1.9,3.0,2
285,2.5,1.4,3.0,3
285,2.2,1.6,2.6,4
285,1.3,1.9,2.9,5
10212,1.8,2.7,3.0,1
10212,1.4,2.0,3.0,2
10212,1.1,2.2,3.0,3
10212,1.1,2.1,2.7,4
10212,1.1,1.7,2.9,5
397,1.9,2.4,2.9,1
397,1.8,3.0,2.7,2
397,1.6,2.7,2.9,3
397,1.2,2.9,2.8,4
397,1.9,2.7,2.9,5
11905,1.7,2.9,2.5,1
11905,0.7,2.1,2.6,2
11905,1.2,2.4,2.7,3
11905,1.3,2.5,2.8,4
11905,0.9,2.4,2.8,5
2668,1.9,2.1,2.9,1
2668,1.9,2.0,2.7,2
2668,1.1,1.7,2.7,3
2668,1.1,2.2,2.7,4
2668,1.2,1.9,2.9,5
5856,2.6,2.9,2.7,1
5856,2.2,2.3,2.7,2
5856,1.2,2.2,2.8,3
5856,1.4,2.1,2.8,4
5856,1.4,2.3,2.9,5
14658,2.1,2.2,3.0,1
14658,2.1,1.6,2.7,2
14658,1.8,2.5,3.0,3
14658,1.6,2.8,2.9,4
14658,1.6,3.0,2.9,5
9985,2.0,2.4,2.8,1
9985,1.5,1.4,2.7,2
9985,1.0,2.0,2.8,3
9985,1.4,2.2,2.3,4
9985,1.2,1.8,2.6,5
11130,1.6,3.0,2.8,1
11130,1.5,3.0,2.6,2
11130,1.3,2.7,2.3,3
11130,1.8,3.0,2.9,4
11130,1.9,2.6,2.6,5
4867,1.6,2.5,2.6,1
4867,1.3,2.5,2.8,2
4867,1.4,2.2,2.6,3
4867,1.4,2.2,2.5,4
4867,1.8,1.8,2.7,5
14499,0.7,1.6,2.8,1
14499,0.8,1.5,2.9,2
14499,0.8,1.5,3.0,3
14499,0.8,2.8,3.0,4
14499,0.8,2.8,2.7,5
121,2.8,1.7,2.9,1
121,1.1,1.7,2.7,2
121,0.5,1.5,3.0,3
121,1.0,1.1,2.9,4
121,0.7,1.1,3.0,5
11420,0.9,1.6,2.7,1
11420,0.4,1.2,2.3,2
11420,0.4,1.6,2.9,3
11420,0.5,1.5,2.5,4
11420,0.4,1.4,2.8,5
3972,2.6,2.5,2.6,1
3972,1.3,0.9,2.3,2
3972,0.7,2.3,2.4,3
3972,1.0,2.8,2.6,4
3972,1.0,2.7,2.7,5
12275,2.0,2.9,2.9,1
12275,1.0,2.8,2.8,2
12275,1.0,2.6,2.8,3
12275,1.2,2.8,2.9,4
12275,1.1,2.7,3.0,5
13740,2.0,2.3,2.5,1
13740,1.7,1.8,2.3,2
13740,1.6,2.0,2.5,3
13740,1.5,1.9,2.9,4
13740,1.4,1.9,2.2,5
3982,2.4,2.7,2.8,1
3982,1.8,1.9,2.6,2
3982,1.4,2.6,2.6,3
3982,1.1,2.6,2.8,4
3982,1.0,2.6,2.9,5
10359,2.1,1.4,2.7,1
10359,1.4,0.2,2.5,2
10359,0.6,0.6,2.8,3
10359,0.9,2.1,2.9,4
10359,0.9,2.0,2.6,5
4383,1.6,1.8,2.5,1
4383,1.7,2.4,2.3,2
4383,0.9,1.6,2.7,3
4383,0.3,2.1,2.6,4
4383,0.5,1.9,2.7,5
11559,1.8,2.8,2.3,1
11559,0.8,2.9,2.9,2
11559,0.7,2.0,2.7,3
11559,0.8,1.4,2.5,4
11559,1.4,2.4,2.4,5
5546,3.0,2.6,2.9,1
5546,2.7,2.2,2.7,2
5546,1.5,2.7,2.7,3
5546,0.9,2.7,2.8,4
5546,0.9,2.2,2.6,5
9636,1.7,2.8,2.7,1
9636,1.3,1.6,2.8,2
9636,0.8,2.6,2.8,3
9636,1.3,2.7,2.8,4
9636,1.1,2.8,2.9,5
9841,1.0,1.2,2.7,1
9841,1.2,1.6,2.4,2
9841,1.1,1.6,2.6,3
9841,1.1,1.6,2.6,4
9841,1.0,1.6,2.5,5
12982,2.0,2.1,2.7,1
12982,1.3,1.8,2.5,2
12982,1.6,1.9,2.7,3
12982,1.7,2.0,2.6,4
12982,1.1,2.0,2.9,5
8199,1.4,2.1,2.9,1
8199,1.3,2.0,3.0,2
8199,1.4,2.2,2.9,3
8199,1.1,2.8,2.9,4
8199,0.9,2.7,2.9,5
13704,2.4,0.9,2.9,1
13704,1.0,0.9,2.9,2
13704,0.7,0.8,2.8,3
13704,0.3,0.8,2.8,4
13704,0.4,0.8,2.5,5
638,1.8,2.6,2.8,1
638,1.2,3.0,3.0,2
638,0.8,1.8,3.0,3
638,0.8,1.7,3.0,4
638,0.7,1.6,2.9,5
9856,2.2,2.8,2.8,1
9856,2.2,2.3,2.6,2
9856,1.4,1.8,2.8,3
9856,1.6,1.6,2.6,4
9856,1.6,2.1,2.9,5
2313,1.3,2.0,3.0,1
2313,1.5,2.3,3.0,2
2313,1.4,2.3,2.9,3
2313,1.3,2.4,3.0,4
2313,1.3,2.4,3.0,5
3438,1.0,3.0,2.7,1
3438,0.8,2.3,3.0,2
3438,1.8,2.3,2.8,3
3438,2.1,2.3,2.9,4
3438,1.1,2.9,2.7,5
3983,2.4,1.5,2.7,1
3983,1.9,1.5,2.3,2
3983,1.0,1.4,2.9,3
3983,1.2,2.8,2.5,4
3983,0.9,2.6,2.6,5
4069,2.2,1.7,2.7,1
4069,0.7,1.7,2.8,2
4069,0.8,2.4,2.7,3
4069,0.7,1.7,2.8,4
4069,0.6,1.0,2.8,5
11177,1.5,1.3,2.7,1
11177,0.9,1.3,2.7,2
11177,0.8,1.2,2.5,3
11177,0.6,2.2,2.5,4
11177,0.9,2.8,2.4,5
1859,1.2,1.2,2.7,1
1859,1.0,2.4,2.8,2
1859,0.9,2.4,2.7,3
1859,0.9,2.6,2.7,4
1859,0.6,2.7,2.4,5
8982,2.7,2.5,2.8,1
8982,2.4,2.8,2.6,2
8982,0.8,2.7,2.7,3
8982,1.0,2.3,2.6,4
8982,1.0,2.5,2.6,5
11254,3.0,3.0,2.7,1
11254,2.3,2.9,3.0,2
11254,1.9,2.7,2.7,3
11254,1.6,3.0,2.7,4
11254,1.9,3.0,3.0,5
11596,2.1,2.4,2.7,1
11596,1.9,2.2,2.5,2
11596,1.5,2.2,2.6,3
11596,1.2,2.4,2.8,4
11596,1.2,2.3,2.5,5
13663,2.0,2.7,2.9,1
13663,1.8,2.1,2.9,2
13663,1.4,2.5,2.7,3
13663,1.6,3.0,2.6,4
13663,1.9,3.0,2.6,5
13173,1.6,1.6,2.8,1
13173,1.4,0.8,2.8,2
13173,1.4,1.1,2.7,3
13173,1.3,1.7,2.5,4
13173,1.5,1.9,2.7,5
8966,0.0,2.7,2.6,1
8966,0.2,2.1,2.6,2
8966,0.2,2.4,2.7,3
8966,0.2,2.1,2.8,4
8966,0.3,2.7,2.6,5
14713,2.3,2.5,2.9,1
14713,1.7,2.7,2.9,2
14713,1.0,3.0,2.9,3
14713,0.8,2.4,2.7,4
14713,0.4,2.3,2.7,5
10569,3.0,2.7,3.0,1
10569,1.7,2.1,3.0,2
10569,0.7,2.4,3.0,3
10569,0.4,2.4,3.0,4
10569,0.7,2.9,3.0,5
1791,2.6,2.9,2.9,1
1791,2.2,2.6,3.0,2
1791,1.4,2.0,2.8,3
1791,1.2,2.0,2.8,4
1791,0.8,2.2,2.8,5
8478,0.5,1.2,2.5,1
8478,0.1,1.4,2.4,2
8478,0.6,1.5,2.8,3
8478,0.6,1.0,2.7,4
8478,0.4,1.6,2.8,5
11475,1.9,0.8,2.3,1
11475,1.1,1.4,2.7,2
11475,0.4,2.1,2.8,3
11475,0.5,2.2,2.4,4
11475,1.2,2.3,2.4,5
1157,2.8,2.6,2.7,1
1157,2.8,2.1,2.8,2
1157,2.8,2.5,2.4,3
1157,2.7,2.8,2.6,4
1157,2.7,2.7,2.7,5
5272,2.1,2.7,3.0,1
5272,2.1,2.6,3.0,2
5272,1.8,2.7,2.9,3
5272,1.8,2.7,2.6,4
5272,1.8,2.4,2.8,5
11375,3.0,2.9,3.0,1
11375,2.7,2.6,2.9,2
11375,2.4,3.0,2.7,3
11375,2.0,2.7,2.7,4
11375,1.5,2.7,2.7,5
6474,2.0,2.3,2.7,1
6474,2.7,2.4,3.0,2
6474,2.1,2.4,2.6,3
6474,1.2,2.0,3.0,4
6474,1.8,2.4,2.9,5
14269,2.3,2.0,2.5,1
14269,1.2,2.2,2.5,2
14269,1.1,2.8,2.6,3
14269,1.0,2.7,2.2,4
14269,0.5,2.2,2.5,5
6826,1.8,2.3,2.8,1
6826,0.6,2.2,2.5,2
6826,0.3,2.4,2.9,3
6826,0.0,2.9,2.7,4
6826,0.0,2.6,2.7,5
9127,2.0,3.0,2.7,1
9127,2.0,2.7,2.5,2
9127,1.8,2.6,2.7,3
9127,2.0,2.7,2.8,4
9127,1.9,2.7,2.8,5
9178,2.9,2.0,2.6,1
9178,2.6,1.9,2.6,2
9178,2.1,1.8,2.6,3
9178,0.3,2.7,2.6,4
9178,0.4,1.6,2.7,5
10965,0.9,2.7,2.8,1
10965,0.8,2.0,2.5,2
10965,0.7,2.0,2.7,3
10965,0.8,1.5,2.7,4
10965,0.7,1.5,2.8,5
1427,1.9,2.4,2.8,1
1427,1.7,2.3,2.7,2
1427,1.7,2.3,2.6,3
1427,1.9,2.4,2.9,4
1427,1.7,2.3,2.5,5
10038,1.9,1.4,2.8,1
10038,0.5,1.4,3.0,2
10038,0.9,1.9,2.7,3
10038,0.5,1.6,2.9,4
10038,0.4,2.1,2.8,5
8850,2.0,2.3,3.0,1
8850,1.6,1.8,2.7,2
8850,1.5,1.4,2.8,3
8850,1.3,1.3,2.9,4
8850,0.7,1.2,2.8,5
2586,2.7,2.5,2.8,1
2586,1.7,2.4,2.8,2
2586,1.2,2.4,2.9,3
2586,1.4,2.5,3.0,4
2586,1.4,2.6,2.5,5
3863,1.7,2.3,2.5,1
3863,1.8,1.7,2.8,2
3863,1.7,1.8,2.5,3
3863,0.9,1.6,2.6,4
3863,0.7,1.4,2.7,5
5499,2.5,2.8,2.5,1
5499,2.0,2.4,2.6,2
5499,1.7,2.7,2.7,3
5499,1.2,2.8,2.6,4
5499,1.2,2.5,2.7,5
701,2.1,2.3,2.6,1
701,1.6,2.2,2.9,2
701,0.8,2.6,2.8,3
701,0.5,1.9,2.2,4
701,0.5,2.1,2.8,5
10836,1.2,2.6,2.7,1
10836,0.5,2.0,2.9,2
10836,0.4,2.6,2.6,3
10836,0.4,1.8,2.9,4
10836,1.0,2.7,3.0,5
11554,2.2,2.4,2.7,1
11554,0.9,2.9,2.5,2
11554,1.2,2.5,2.4,3
11554,0.5,2.9,2.9,4
11554,0.7,3.0,2.3,5
2516,2.3,2.8,2.5,1
2516,0.9,2.3,2.5,2
2516,0.9,1.9,2.7,3
2516,1.0,2.3,2.7,4
2516,0.7,2.6,2.4,5
11377,2.9,2.7,2.8,1
11377,2.4,2.3,2.6,2
11377,1.6,2.8,3.0,3
11377,1.7,2.8,3.0,4
11377,1.8,2.7,2.9,5
1691,2.0,1.5,2.7,1
1691,2.4,1.7,2.9,2
1691,2.2,2.0,2.6,3
1691,1.6,2.3,2.8,4
1691,1.5,2.5,2.8,5
9898,2.9,2.7,2.6,1
9898,1.8,2.5,3.0,2
9898,1.4,3.0,2.8,3
9898,1.5,1.5,2.6,4
9898,1.2,1.9,2.8,5
11525,2.5,2.8,3.0,1
11525,2.6,3.0,3.0,2
11525,1.9,2.4,2.9,3
11525,1.4,2.5,3.0,4
11525,1.9,2.7,3.0,5
9224,1.5,1.3,2.9,1
9224,1.0,1.9,2.6,2
9224,0.9,2.0,2.9,3
9224,0.8,1.6,2.7,4
9224,0.8,1.9,2.6,5
14619,2.0,2.4,3.0,1
14619,1.9,2.6,3.0,2
14619,1.5,2.6,2.7,3
14619,1.5,2.7,2.9,4
14619,1.1,2.5,3.0,5
12823,2.2,2.2,2.7,1
12823,1.4,2.4,3.0,2
12823,1.8,2.0,3.0,3
12823,1.8,2.4,3.0,4
12823,1.6,2.7,2.8,5
6785,1.7,1.3,2.9,1
6785,1.1,1.7,3.0,2
6785,0.7,2.4,3.0,3
6785,0.5,1.9,3.0,4
6785,0.5,1.9,3.0,5
9323,1.7,2.8,2.6,1
9323,0.7,1.6,3.0,2
9323,0.5,1.1,2.8,3
9323,0.4,1.2,2.8,4
9323,0.9,1.6,2.4,5
11838,2.2,2.7,2.7,1
11838,1.3,1.1,2.7,2
11838,1.9,1.1,2.9,3
11838,1.2,1.6,2.9,4
11838,1.0,2.0,2.8,5
13127,2.2,2.7,2.9,1
13127,1.5,1.8,2.5,2
13127,1.8,2.7,2.8,3
13127,1.8,2.5,2.9,4
13127,1.2,2.3,3.0,5
13213,1.8,2.6,3.0,1
13213,2.3,3.0,3.0,2
13213,1.4,3.0,2.8,3
13213,1.2,3.0,3.0,4
13213,1.5,2.9,3.0,5
12110,1.7,2.3,2.8,1
12110,0.6,2.8,2.5,2
12110,0.6,2.8,2.9,3
12110,1.0,2.5,2.8,4
12110,0.8,2.0,2.8,5
6439,3.0,2.9,2.9,1
6439,2.1,2.6,2.7,2
6439,1.8,2.8,2.9,3
6439,2.4,2.3,3.0,4
6439,2.1,2.3,3.0,5
1269,1.8,2.7,2.4,1
1269,1.6,2.5,2.6,2
1269,1.7,2.7,2.4,3
1269,1.2,2.6,2.9,4
1269,1.4,2.3,2.9,5
1646,1.8,1.7,2.7,1
1646,1.0,1.0,2.5,2
1646,0.8,1.8,2.9,3
1646,0.4,0.8,2.8,4
1646,0.5,1.1,2.8,5
3828,2.3,2.0,2.7,1
3828,1.9,1.9,2.7,2
3828,0.9,1.6,2.4,3
3828,1.2,1.9,2.9,4
3828,1.0,2.3,2.7,5
9991,2.4,2.8,2.2,1
9991,1.8,2.7,2.7,2
9991,1.8,2.6,2.6,3
9991,1.4,2.1,2.7,4
9991,1.5,2.1,2.7,5
502,1.6,2.5,2.8,1
502,0.6,1.6,2.7,2
502,0.4,1.4,2.6,3
502,0.5,1.2,2.9,4
502,0.5,1.2,2.9,5
13644,1.2,3.0,2.9,1
13644,2.5,3.0,2.9,2
13644,0.5,2.6,2.9,3
13644,0.1,1.7,3.0,4
13644,0.6,2.1,2.9,5
1135,2.4,3.0,2.7,1
1135,2.7,1.6,2.5,2
1135,2.4,1.6,3.0,3
1135,2.7,1.9,2.5,4
1135,3.0,1.7,2.7,5
7830,0.6,1.5,2.7,1
7830,0.6,1.1,2.7,2
7830,0.8,1.2,2.4,3
7830,1.0,1.5,2.7,4
7830,0.5,1.6,2.5,5
1622,0.5,1.8,2.7,1
1622,0.8,1.3,3.0,2
1622,1.0,1.8,2.6,3
1622,0.6,1.2,2.7,4
1622,0.9,1.1,2.8,5
2924,1.5,1.7,2.9,1
2924,1.6,1.3,2.9,2
2924,1.0,1.6,2.7,3
2924,1.1,1.6,2.7,4
2924,1.1,1.6,2.9,5
11557,2.4,2.6,2.5,1
11557,1.6,2.3,2.8,2
11557,1.8,2.2,2.5,3
11557,0.9,2.3,2.6,4
11557,0.9,1.1,2.6,5
5490,1.3,2.5,2.5,1
5490,0.9,2.4,2.8,2
5490,1.1,2.2,2.8,3
5490,1.3,1.6,2.2,4
5490,0.9,1.5,2.6,5
7532,2.2,2.8,2.6,1
7532,2.2,2.7,2.9,2
7532,1.2,2.4,2.7,3
7532,1.1,2.7,2.5,4
7532,1.5,2.3,2.9,5
13184,1.1,2.7,3.0,1
13184,0.8,2.7,3.0,2
13184,0.6,2.5,2.8,3
13184,0.8,2.9,2.9,4
13184,1.0,2.1,2.9,5
1194,2.4,3.0,2.6,1
1194,2.1,2.7,3.0,2
1194,1.8,2.2,2.7,3
1194,2.1,2.7,2.9,4
1194,1.5,2.3,3.0,5
4781,1.6,1.4,2.6,1
4781,0.6,1.5,2.5,2
4781,0.4,2.5,2.6,3
4781,0.3,2.1,2.3,4
4781,0.1,2.4,2.7,5
7771,2.6,2.8,2.7,1
7771,2.2,2.5,2.6,2
7771,1.9,2.4,2.6,3
7771,1.5,1.9,2.9,4
7771,1.6,1.9,2.6,5
14351,1.1,1.1,2.5,1
14351,1.1,2.0,2.8,2
14351,1.1,1.7,2.5,3
14351,0.7,1.5,3.0,4
14351,0.7,1.4,2.7,5
7400,1.9,2.1,2.6,1
7400,1.7,2.2,2.7,2
7400,1.6,2.2,3.0,3
7400,1.4,2.2,2.8,4
7400,1.5,2.1,2.7,5
4413,1.5,2.6,2.5,1
4413,1.1,2.3,2.9,2
4413,1.2,2.1,2.9,3
4413,1.2,2.1,2.5,4
4413,1.0,1.3,2.8,5
734,1.9,2.8,2.7,1
734,1.9,2.2,2.7,2
734,1.9,1.6,2.9,3
734,1.9,2.0,2.6,4
734,1.2,1.9,2.8,5
8418,0.6,2.6,2.8,1
8418,0.7,2.7,2.7,2
8418,1.0,3.0,2.9,3
8418,2.0,2.6,3.0,4
8418,1.3,2.4,2.5,5
7086,1.5,1.7,2.5,1
7086,1.4,2.6,2.3,2
7086,1.8,2.4,2.6,3
7086,1.5,2.4,2.5,4
7086,1.9,2.3,2.6,5
2539,1.6,1.1,2.6,1
2539,1.4,1.6,2.6,2
2539,1.3,1.5,2.8,3
2539,0.8,1.6,2.6,4
2539,1.1,1.6,2.5,5
14257,1.1,1.2,3.0,1
14257,1.0,2.5,2.7,2
14257,0.9,2.4,3.0,3
14257,1.0,1.6,3.0,4
14257,1.0,2.3,2.7,5
7356,1.6,2.0,2.8,1
7356,1.6,2.3,2.8,2
7356,1.4,2.1,2.8,3
7356,1.4,2.0,2.8,4
7356,1.3,1.7,2.8,5
6702,2.4,2.7,2.9,1
6702,2.5,2.3,2.9,2
6702,1.8,2.8,2.7,3
6702,2.3,2.9,3.0,4
6702,1.8,2.9,3.0,5
2628,1.8,1.5,2.9,1
2628,0.9,2.7,2.9,2
2628,0.9,2.6,2.8,3
2628,0.6,2.6,3.0,4
2628,0.3,1.8,3.0,5
3564,1.0,0.8,2.5,1
3564,1.1,0.6,2.9,2
3564,0.7,0.7,2.5,3
3564,0.9,0.9,2.9,4
3564,0.9,0.5,2.7,5
9014,1.6,1.0,2.7,1
9014,1.8,1.3,2.7,2
9014,1.2,1.1,2.8,3
9014,1.4,0.6,2.6,4
9014,1.6,0.9,2.7,5
5313,0.7,1.8,2.8,1
5313,0.3,2.1,2.6,2
5313,0.3,1.4,2.8,3
5313,0.3,1.1,2.6,4
5313,0.5,1.4,2.4,5
3472,0.8,2.1,2.9,1
3472,0.5,1.3,2.9,2
3472,0.5,2.5,2.6,3
3472,0.6,1.9,2.7,4
3472,0.9,1.4,2.7,5
5177,1.8,2.4,2.9,1
5177,1.2,2.7,3.0,2
5177,0.6,2.4,2.6,3
5177,0.5,2.4,2.7,4
5177,0.6,2.4,2.7,5
7121,1.5,2.1,2.9,1
7121,0.2,1.1,2.5,2
7121,0.4,1.2,2.6,3
7121,0.3,2.0,2.6,4
7121,0.2,1.8,2.9,5
6056,1.3,1.0,3.0,1
6056,0.8,0.9,2.9,2
6056,0.8,1.3,3.0,3
6056,0.6,1.0,2.9,4
6056,0.4,1.6,2.9,5
1476,0.4,1.2,2.5,1
1476,0.5,1.2,2.8,2
1476,0.5,1.4,3.0,3
1476,0.5,1.2,2.6,4
1476,0.5,1.3,2.4,5
12413,1.5,1.7,2.6,1
12413,1.9,0.9,2.9,2
12413,1.3,1.6,2.8,3
12413,1.1,1.5,2.8,4
12413,1.2,1.8,2.8,5
13815,1.7,1.8,2.8,1
13815,0.9,2.9,3.0,2
13815,0.8,3.0,3.0,3
13815,0.8,2.3,2.9,4
13815,0.8,2.4,3.0,5
13027,1.5,2.9,3.0,1
13027,0.7,2.4,2.9,2
13027,1.0,2.4,2.9,3
13027,1.2,3.0,2.8,4
13027,1.1,2.9,2.7,5
13958,1.3,2.1,2.8,1
13958,0.9,2.2,2.7,2
13958,0.7,1.0,2.8,3
13958,0.6,1.2,2.4,4
13958,0.9,1.3,2.8,5
3059,2.5,3.0,2.9,1
3059,0.8,2.7,3.0,2
3059,0.8,3.0,3.0,3
3059,0.8,3.0,3.0,4
3059,0.9,2.7,3.0,5
3358,2.0,2.5,2.6,1
3358,1.7,2.0,2.9,2
3358,1.5,2.4,2.7,3
3358,1.2,1.6,2.2,4
3358,0.9,1.9,3.0,5
3033,2.4,2.5,2.5,1
3033,2.1,2.2,2.8,2
3033,2.0,2.2,2.6,3
3033,1.3,3.0,2.7,4
3033,1.0,2.5,2.8,5
6715,1.8,2.1,3.0,1
6715,1.4,1.7,3.0,2
6715,0.8,2.9,3.0,3
6715,1.0,2.9,2.8,4
6715,0.8,2.6,3.0,5
5105,2.0,2.0,2.7,1
5105,1.1,1.9,2.6,2
5105,1.2,1.7,2.8,3
5105,0.9,1.7,2.7,4
5105,1.0,1.5,2.8,5
7516,1.6,1.5,2.5,1
7516,0.9,3.0,2.7,2
7516,0.4,2.3,2.9,3
7516,0.4,2.2,2.6,4
7516,1.2,2.9,3.0,5
12604,2.5,3.0,3.0,1
12604,2.7,3.0,3.0,2
12604,2.4,3.0,2.9,3
12604,2.4,3.0,3.0,4
12604,2.4,2.7,2.7,5
802,1.6,3.0,2.7,1
802,1.3,2.8,2.6,2
802,1.3,2.9,2.8,3
802,1.1,2.7,2.7,4
802,1.2,2.9,2.9,5
12121,1.2,1.7,2.6,1
12121,1.4,2.0,2.7,2
12121,1.2,2.8,2.6,3
12121,0.7,2.7,2.8,4
12121,0.7,1.4,2.6,5
7658,0.4,1.0,2.8,1
7658,0.7,2.3,2.4,2
7658,0.7,1.1,2.9,3
7658,0.5,1.2,2.2,4
7658,0.9,1.2,2.6,5
2267,1.1,1.3,2.8,1
2267,1.0,1.6,2.8,2
2267,0.6,1.8,2.9,3
2267,0.9,1.8,3.0,4
2267,1.0,2.0,2.7,5
7469,2.7,3.0,2.9,1
7469,2.3,2.7,3.0,2
7469,1.5,2.1,2.8,3
7469,1.2,2.6,2.9,4
7469,1.2,2.8,3.0,5
13922,2.6,2.7,2.4,1
13922,1.2,2.7,2.7,2
13922,0.8,1.5,2.7,3
13922,0.9,1.9,2.3,4
13922,0.7,1.6,2.9,5
6616,1.9,2.2,2.6,1
6616,1.4,2.4,2.7,2
6616,1.4,2.4,2.7,3
6616,1.5,2.4,2.7,4
6616,1.7,2.5,2.7,5
12031,2.8,2.3,2.7,1
12031,1.0,1.6,2.8,2
12031,0.8,2.5,2.9,3
12031,0.6,1.6,2.5,4
12031,0.8,2.6,2.9,5
8719,2.7,2.7,2.9,1
8719,1.5,2.7,3.0,2
8719,1.5,2.4,2.9,3
8719,1.5,2.6,3.0,4
8719,1.5,2.3,3.0,5
8928,1.7,2.9,2.7,1
8928,1.0,2.4,2.9,2
8928,1.0,3.0,2.9,3
8928,1.2,2.9,2.7,4
8928,1.3,2.3,2.8,5
7238,3.0,2.8,3.0,1
7238,2.7,3.0,3.0,2
7238,2.3,2.7,3.0,3
7238,1.7,3.0,2.9,4
7238,2.0,3.0,2.8,5
286,1.8,2.5,2.8,1
286,1.8,2.1,2.4,2
286,1.2,2.1,2.0,3
286,0.8,1.1,2.9,4
286,1.8,1.8,2.8,5
4600,2.9,2.8,2.9,1
4600,1.7,2.0,2.8,2
4600,1.8,1.7,3.0,3
4600,1.8,2.1,3.0,4
4600,2.0,1.9,2.7,5
3866,2.5,2.8,2.4,1
3866,0.6,2.9,2.6,2
3866,0.9,1.7,2.6,3
3866,0.3,1.2,2.8,4
3866,0.6,1.0,2.6,5
11178,1.3,1.3,2.9,1
11178,1.0,1.4,2.9,2
11178,0.9,1.5,2.3,3
11178,0.7,2.1,2.7,4
11178,0.9,2.0,2.7,5
14552,1.0,1.5,2.8,1
14552,0.3,1.7,2.8,2
14552,0.2,2.2,2.8,3
14552,0.4,2.0,2.5,4
14552,0.1,2.0,2.8,5
5012,2.2,2.4,2.7,1
5012,1.3,2.1,2.5,2
5012,0.7,1.7,2.5,3
5012,1.3,1.9,2.5,4
5012,0.9,2.6,2.6,5
8821,0.7,2.0,2.7,1
8821,0.1,1.2,2.7,2
8821,0.4,1.2,3.0,3
8821,0.3,0.8,2.9,4
8821,0.4,0.9,2.9,5
5270,1.6,1.4,2.6,1
5270,0.8,0.9,2.6,2
5270,0.9,1.2,2.7,3
5270,0.4,1.0,2.6,4
5270,0.4,2.1,2.8,5
570,2.1,2.0,2.5,1
570,0.8,1.2,2.9,2
570,0.8,0.9,2.9,3
570,0.7,1.4,2.7,4
570,0.6,0.9,2.4,5
6353,1.0,1.7,2.9,1
6353,1.3,2.4,2.8,2
6353,0.4,2.7,2.8,3
6353,0.2,2.3,2.7,4
6353,0.4,2.3,2.8,5
7800,1.3,1.2,2.7,1
7800,0.6,1.0,2.7,2
7800,0.5,1.0,3.0,3
7800,0.4,1.0,2.9,4
7800,0.7,1.1,3.0,5
4581,1.4,2.8,3.0,1
4581,1.7,2.1,2.6,2
4581,1.2,2.2,2.9,3
4581,1.6,2.0,2.8,4
4581,1.2,2.2,2.8,5
3803,2.1,1.1,2.9,1
3803,1.5,2.4,3.0,2
3803,0.7,2.6,2.8,3
3803,0.7,2.9,2.8,4
3803,0.5,2.7,2.8,5
4267,1.2,2.3,2.7,1
4267,1.0,2.3,2.8,2
4267,1.0,1.5,2.4,3
4267,0.8,1.0,3.0,4
4267,0.7,1.0,3.0,5
5627,2.7,2.7,2.5,1
5627,1.6,2.1,2.6,2
5627,1.1,2.6,2.5,3
5627,0.5,2.7,2.3,4
5627,0.4,2.8,2.7,5
531,3.0,2.8,2.5,1
531,1.7,0.9,2.7,2
531,0.7,0.9,2.8,3
531,0.9,1.7,2.7,4
531,0.6,1.2,2.7,5
6220,1.4,1.6,2.6,1
6220,0.5,1.6,3.0,2
6220,0.6,1.7,2.9,3
6220,0.5,1.3,2.7,4
6220,0.5,1.1,2.7,5
1906,2.5,2.9,2.9,1
1906,2.4,2.9,2.8,2
1906,2.4,2.7,3.0,3
1906,2.4,2.4,2.9,4
1906,2.6,2.4,3.0,5
8807,0.7,1.3,3.0,1
8807,0.5,1.9,2.6,2
8807,0.3,1.1,2.7,3
8807,0.2,1.1,2.8,4
8807,0.3,2.2,2.6,5
12691,1.9,2.2,2.6,1
12691,1.7,2.2,2.8,2
12691,1.6,2.4,2.9,3
12691,1.4,2.5,2.7,4
12691,1.4,2.5,2.9,5
812,2.4,3.0,2.7,1
812,2.4,2.7,3.0,2
812,1.9,3.0,2.9,3
812,1.6,2.5,2.7,4
812,1.4,2.5,3.0,5
8092,2.7,2.8,2.8,1
8092,2.4,2.9,2.7,2
8092,1.4,3.0,2.8,3
8092,1.7,2.5,2.7,4
8092,1.6,2.2,3.0,5
709,2.2,2.3,2.6,1
709,1.3,2.3,2.9,2
709,0.9,1.7,2.8,3
709,1.2,1.7,2.6,4
709,1.1,2.0,2.9,5
3363,1.9,2.4,3.0,1
3363,1.5,2.1,2.7,2
3363,0.6,1.6,2.7,3
3363,0.9,1.6,2.7,4
3363,0.9,1.7,2.8,5
5084,2.4,2.9,2.8,1
5084,2.3,2.9,2.7,2
5084,2.1,2.9,2.9,3
5084,2.0,2.9,2.8,4
5084,2.1,2.9,2.6,5
13696,1.9,2.0,2.7,1
13696,1.6,2.7,2.9,2
13696,1.1,1.8,2.6,3
13696,0.9,0.6,2.9,4
13696,0.8,1.4,2.6,5
11935,1.3,2.4,2.7,1
11935,1.4,2.1,2.7,2
11935,1.5,2.5,2.7,3
11935,1.2,2.5,2.7,4
11935,2.1,1.8,2.8,5
3422,2.1,2.7,2.9,1
3422,1.1,2.4,2.8,2
3422,0.3,2.2,2.2,3
3422,0.4,2.4,2.8,4
3422,0.3,2.4,2.7,5
57,2.8,3.0,3.0,1
57,2.6,2.7,3.0,2
57,2.3,2.7,2.9,3
57,2.0,2.8,2.9,4
57,2.3,2.5,2.9,5
12578,1.3,2.1,2.7,1
12578,1.3,2.5,2.5,2
12578,1.1,2.5,2.9,3
12578,1.1,2.7,2.8,4
12578,0.8,2.2,2.8,5
13981,2.6,2.6,3.0,1
13981,2.3,2.5,2.7,2
13981,1.0,2.3,2.4,3
13981,0.5,2.3,2.6,4
13981,0.6,1.7,3.0,5
11715,1.2,2.0,2.5,1
11715,0.8,1.2,2.8,2
11715,0.2,1.0,2.6,3
11715,0.3,0.7,2.8,4
11715,0.4,0.9,2.6,5
3990,1.7,2.8,2.5,1
3990,1.1,2.3,2.9,2
3990,0.9,2.2,2.9,3
3990,0.9,2.4,2.8,4
3990,0.8,2.3,2.9,5
13477,0.6,0.6,2.5,1
13477,1.0,0.9,2.7,2
13477,0.1,1.1,3.0,3
13477,0.7,1.0,2.9,4
13477,0.7,0.9,2.6,5
6245,0.6,2.1,3.0,1
6245,0.4,1.6,2.9,2
6245,0.3,1.1,3.0,3
6245,0.1,1.6,2.6,4
6245,0.2,1.0,3.0,5
6538,1.2,1.9,2.7,1
6538,0.8,1.5,2.9,2
6538,0.7,1.6,3.0,3
6538,1.0,2.4,2.8,4
6538,1.2,2.2,2.9,5
1005,1.7,3.0,3.0,1
1005,1.0,1.8,3.0,2
1005,0.9,2.2,3.0,3
1005,1.0,2.4,3.0,4
1005,1.0,2.3,3.0,5
6897,1.9,2.8,2.7,1
6897,1.5,3.0,3.0,2
6897,1.1,2.4,2.9,3
6897,0.6,2.2,3.0,4
6897,1.0,2.1,3.0,5
2009,2.8,2.5,3.0,1
2009,2.3,2.6,3.0,2
2009,2.3,3.0,2.9,3
2009,2.0,2.7,2.9,4
2009,2.2,2.7,3.0,5
10428,1.4,1.5,2.6,1
10428,1.1,2.7,2.9,2
10428,1.0,1.9,2.5,3
10428,1.0,2.2,2.7,4
10428,1.1,1.6,2.4,5
5817,1.3,1.8,2.8,1
5817,1.3,2.1,3.0,2
5817,0.9,2.9,3.0,3
5817,0.8,2.8,2.9,4
5817,0.8,2.9,3.0,5
4071,1.2,0.9,2.6,1
4071,1.1,0.9,2.7,2
4071,1.0,0.7,2.5,3
4071,0.3,0.5,2.6,4
4071,0.4,1.1,2.8,5
8589,0.4,1.2,2.8,1
8589,0.6,2.9,3.0,2
8589,0.7,2.1,2.9,3
8589,0.7,1.4,3.0,4
8589,0.7,2.4,3.0,5
3886,2.3,2.8,2.6,1
3886,2.1,2.8,2.7,2
3886,2.1,2.6,3.0,3
3886,2.2,2.5,2.4,4
3886,1.2,2.5,2.5,5
2428,1.2,1.6,2.3,1
2428,1.1,1.2,2.7,2
2428,1.0,1.4,2.6,3
2428,1.1,1.8,2.9,4
2428,0.2,0.8,2.7,5
8910,1.1,2.7,2.8,1
8910,0.1,1.0,2.8,2
8910,0.2,1.1,2.8,3
8910,0.1,1.7,2.8,4
8910,0.0,1.7,2.6,5
8899,1.5,3.0,2.9,1
8899,0.3,3.0,2.7,2
8899,0.0,3.0,2.8,3
8899,0.1,2.9,2.6,4
8899,0.1,2.7,2.8,5
5818,1.9,2.4,2.9,1
5818,0.6,2.4,3.0,2
5818,0.6,1.9,3.0,3
5818,0.5,1.9,3.0,4
5818,0.6,1.9,2.9,5
11727,0.6,0.7,2.8,1
11727,0.5,0.8,2.6,2
11727,0.5,0.5,2.8,3
11727,0.2,0.8,2.8,4
11727,0.2,0.9,2.6,5
13151,1.4,1.6,2.5,1
13151,1.0,1.2,2.6,2
13151,0.4,1.1,2.6,3
13151,0.1,1.1,2.8,4
13151,0.4,0.8,3.0,5
6475,2.5,3.0,3.0,1
6475,1.6,2.7,3.0,2
6475,1.4,2.5,2.9,3
6475,1.2,2.4,2.8,4
6475,1.9,2.5,2.9,5
14547,2.8,2.6,3.0,1
14547,0.7,2.5,3.0,2
14547,0.4,1.6,3.0,3
14547,0.6,1.4,2.8,4
14547,0.5,1.8,3.0,5
4387,0.8,1.4,2.7,1
4387,0.4,2.7,2.8,2
4387,0.8,2.7,2.4,3
4387,0.4,2.7,2.7,4
4387,1.2,2.7,2.7,5
13081,3.0,3.0,2.9,1
13081,1.9,1.2,2.9,2
13081,1.0,1.9,2.6,3
13081,1.1,2.1,2.9,4
13081,1.7,1.8,2.5,5
846,3.0,2.9,2.8,1
846,2.4,2.7,2.8,2
846,2.0,3.0,3.0,3
846,1.9,3.0,2.9,4
846,2.1,2.8,3.0,5
5607,2.7,2.7,2.8,1
5607,2.1,3.0,2.6,2
5607,1.6,2.9,2.8,3
5607,1.3,2.8,2.3,4
5607,1.3,3.0,2.5,5
6554,2.1,2.2,3.0,1
6554,1.6,1.9,2.7,2
6554,0.9,1.3,2.5,3
6554,0.5,1.9,2.8,4
6554,0.9,2.3,2.8,5
4716,2.1,2.9,2.7,1
4716,2.5,2.7,2.8,2
4716,0.9,2.3,2.9,3
4716,0.9,2.1,2.8,4
4716,0.9,1.8,2.6,5
576,1.0,2.2,2.7,1
576,0.8,1.0,2.5,2
576,0.6,1.5,2.6,3
576,0.6,1.4,3.0,4
576,0.6,0.8,2.7,5
841,2.9,3.0,3.0,1
841,2.6,2.5,2.8,2
841,2.2,2.6,2.9,3
841,2.1,2.9,3.0,4
841,2.0,2.5,3.0,5
51,2.9,2.2,2.9,1
51,2.6,2.4,3.0,2
51,2.1,3.0,2.9,3
51,2.0,3.0,3.0,4
51,2.3,3.0,2.9,5
1945,2.3,2.0,2.8,1
1945,1.4,2.1,2.9,2
1945,0.8,1.7,2.8,3
1945,0.8,2.0,2.9,4
1945,0.6,1.7,2.6,5
2777,0.7,1.7,2.9,1
2777,0.9,2.0,2.9,2
2777,0.9,1.7,2.8,3
2777,0.8,1.7,2.7,4
2777,0.6,1.7,2.8,5
5511,2.2,2.5,2.7,1
5511,1.7,2.8,3.0,2
5511,1.1,2.6,3.0,3
5511,0.8,2.5,3.0,4
5511,1.0,2.8,3.0,5
2823,2.0,2.2,2.8,1
2823,1.8,2.1,2.6,2
2823,1.6,2.0,2.8,3
2823,1.4,2.1,2.7,4
2823,1.2,2.1,2.5,5
8168,2.6,2.4,2.8,1
8168,2.2,2.2,2.6,2
8168,1.7,2.3,2.7,3
8168,1.0,2.2,2.9,4
8168,1.2,2.4,2.7,5
8449,2.1,1.7,2.9,1
8449,1.6,1.9,3.0,2
8449,1.3,1.9,2.8,3
8449,1.2,2.3,2.9,4
8449,1.0,1.9,2.8,5
167,3.0,2.4,3.0,1
167,1.8,2.8,2.7,2
167,1.2,2.6,2.4,3
167,1.4,3.0,2.7,4
167,1.4,2.8,2.5,5
1370,1.2,1.6,2.8,1
1370,0.7,0.8,2.6,2
1370,0.4,1.0,2.8,3
1370,0.5,0.9,2.7,4
1370,0.5,0.9,2.6,5
829,1.2,2.8,3.0,1
829,1.3,2.4,3.0,2
829,1.1,1.9,2.9,3
829,1.5,1.9,3.0,4
829,1.3,2.2,3.0,5
11917,0.9,2.0,2.5,1
11917,0.9,1.8,2.6,2
11917,0.8,1.7,2.8,3
11917,0.6,1.8,2.8,4
11917,0.5,1.3,2.6,5
5125,1.8,1.9,3.0,1
5125,1.9,2.1,2.8,2
5125,1.1,1.9,3.0,3
5125,1.3,1.5,2.8,4
5125,2.1,1.2,2.7,5
3461,0.9,2.8,3.0,1
3461,2.7,2.9,3.0,2
3461,0.6,1.5,3.0,3
3461,0.2,2.4,3.0,4
3461,0.3,2.4,3.0,5
11352,0.7,1.3,2.6,1
11352,0.5,1.4,2.5,2
11352,0.6,1.3,2.3,3
11352,0.5,1.4,2.6,4
11352,0.6,1.0,2.7,5
6529,2.2,1.7,2.6,1
6529,1.1,1.3,2.8,2
6529,0.9,0.9,2.9,3
6529,0.8,0.7,2.7,4
6529,0.9,1.3,2.9,5
6525,1.0,0.5,2.5,1
6525,1.0,0.2,2.7,2
6525,1.0,0.9,2.4,3
6525,0.6,1.3,2.4,4
6525,0.5,1.3,2.4,5
7256,1.8,3.0,3.0,1
7256,1.8,2.6,2.9,2
7256,0.7,2.6,3.0,3
7256,1.5,2.5,3.0,4
7256,1.1,2.6,2.9,5
10314,0.9,2.3,3.0,1
10314,1.1,2.3,2.9,2
10314,1.1,2.3,2.8,3
10314,0.9,1.3,2.4,4
10314,0.5,1.5,2.6,5
14507,1.9,3.0,2.7,1
14507,2.0,3.0,3.0,2
14507,1.8,2.9,3.0,3
14507,1.2,3.0,3.0,4
14507,1.1,2.8,2.9,5
9065,3.0,2.6,3.0,1
9065,1.9,2.4,2.5,2
9065,1.9,2.4,2.8,3
9065,1.5,2.7,2.6,4
9065,2.1,2.7,2.6,5
8634,2.3,2.2,2.6,1
8634,2.3,2.0,2.7,2
8634,2.5,2.0,2.7,3
8634,2.1,2.2,2.8,4
8634,1.8,2.1,2.5,5
8663,2.4,2.4,2.8,1
8663,1.3,2.6,2.7,2
8663,0.6,0.9,2.8,3
8663,0.7,0.7,2.5,4
8663,0.7,1.0,2.7,5
6315,2.0,1.4,2.6,1
6315,1.3,1.4,2.8,2
6315,1.0,1.1,2.9,3
6315,0.8,1.7,3.0,4
6315,0.9,1.2,2.9,5
10659,1.7,2.9,2.6,1
10659,0.7,2.4,2.9,2
10659,0.4,2.5,2.5,3
10659,0.1,2.5,2.8,4
10659,0.1,2.3,2.7,5
3514,2.7,2.5,2.9,1
3514,2.0,2.2,3.0,2
3514,1.6,2.8,2.5,3
3514,2.3,3.0,2.7,4
3514,2.1,2.7,2.8,5
1570,2.2,1.9,2.7,1
1570,1.2,1.8,2.8,2
1570,1.4,1.3,2.8,3
1570,0.5,0.8,2.8,4
1570,0.5,1.1,2.8,5
1939,1.1,1.7,2.9,1
1939,1.2,1.6,2.8,2
1939,1.0,1.6,2.9,3
1939,0.9,1.4,2.6,4
1939,0.7,1.7,2.9,5
1165,1.0,2.7,2.9,1
1165,1.2,1.8,2.7,2
1165,0.9,1.3,2.8,3
1165,0.7,1.2,3.0,4
1165,0.6,1.0,2.8,5
3819,2.2,2.8,2.9,1
3819,1.5,1.7,2.7,2
3819,1.0,2.8,2.9,3
3819,0.9,2.2,2.6,4
3819,0.6,2.5,2.6,5
8242,2.7,3.0,2.8,1
8242,1.6,2.7,2.9,2
8242,1.5,3.0,2.9,3
8242,0.3,3.0,2.8,4
8242,0.8,3.0,2.7,5
6299,2.8,2.9,2.7,1
6299,2.5,2.9,2.7,2
6299,2.4,2.9,2.6,3
6299,2.3,2.1,2.8,4
6299,2.0,2.6,2.7,5
10370,1.0,1.8,3.0,1
10370,0.5,2.6,2.9,2
10370,0.8,2.8,2.7,3
10370,0.5,1.7,2.7,4
10370,0.6,2.1,2.8,5
8477,2.6,1.9,2.9,1
8477,1.0,1.4,2.6,2
8477,0.6,1.3,2.7,3
8477,0.6,1.5,2.7,4
8477,0.6,1.3,2.5,5
5555,2.0,1.2,2.7,1
5555,1.5,1.7,2.7,2
5555,1.7,1.5,2.9,3
5555,1.0,1.4,2.9,4
5555,1.2,1.4,2.8,5
6894,2.7,2.8,2.7,1
6894,1.4,1.6,2.9,2
6894,0.9,2.5,3.0,3
6894,0.9,2.3,3.0,4
6894,1.7,2.3,3.0,5
9733,1.8,1.6,2.8,1
9733,1.6,2.1,2.6,2
9733,1.0,1.8,2.5,3
9733,0.8,1.7,2.6,4
9733,0.7,1.4,2.5,5
7378,2.1,2.3,2.8,1
7378,1.7,2.4,2.7,2
7378,1.8,2.3,2.9,3
7378,1.6,2.6,2.7,4
7378,1.9,2.1,2.9,5
11943,1.4,2.0,2.7,1
11943,1.3,2.7,3.0,2
11943,0.7,1.7,2.7,3
11943,1.3,1.8,2.8,4
11943,1.5,1.7,2.5,5
12926,2.7,2.7,2.9,1
12926,1.2,2.7,3.0,2
12926,1.0,3.0,3.0,3
12926,0.4,3.0,3.0,4
12926,0.9,3.0,3.0,5
6557,1.3,1.4,2.9,1
6557,1.0,1.4,3.0,2
6557,0.7,1.2,2.9,3
6557,0.4,1.1,2.8,4
6557,0.6,3.0,2.8,5
9241,1.1,1.9,3.0,1
9241,1.1,1.3,2.7,2
9241,0.8,1.3,2.7,3
9241,1.0,1.3,2.9,4
9241,1.1,1.4,2.9,5
9995,2.2,3.0,2.9,1
9995,0.9,2.7,2.8,2
9995,0.7,2.6,2.9,3
9995,0.7,2.4,2.9,4
9995,0.6,2.4,2.7,5
14114,2.0,1.0,2.6,1
14114,1.1,1.7,2.2,2
14114,1.0,1.6,2.4,3
14114,0.8,0.9,2.9,4
14114,0.8,1.1,2.5,5
4204,0.3,0.9,2.7,1
4204,0.3,0.5,2.8,2
4204,0.4,0.8,2.4,3
4204,0.3,0.9,2.9,4
4204,0.2,0.8,2.9,5
7490,2.8,1.7,3.0,1
7490,1.4,1.7,3.0,2
7490,1.9,1.2,2.9,3
7490,2.5,1.9,3.0,4
7490,1.8,1.6,3.0,5
14045,2.9,3.0,2.7,1
14045,2.7,3.0,3.0,2
14045,2.3,2.1,3.0,3
14045,1.8,2.7,3.0,4
14045,1.4,3.0,2.8,5
775,2.1,2.0,2.6,1
775,2.0,2.6,2.9,2
775,2.0,2.8,2.9,3
775,1.8,2.7,2.9,4
775,1.7,2.4,2.5,5
7002,2.1,2.9,2.7,1
7002,1.3,1.0,2.7,2
7002,0.8,1.0,2.5,3
7002,0.9,0.9,2.8,4
7002,1.0,0.9,2.6,5
14345,2.8,2.5,3.0,1
14345,1.8,1.8,3.0,2
14345,1.8,1.9,2.9,3
14345,1.6,2.2,2.9,4
14345,1.5,2.3,2.9,5
545,1.9,2.5,2.5,1
545,1.9,2.2,2.7,2
545,1.8,2.3,2.7,3
545,1.9,2.2,2.8,4
545,1.9,2.3,2.7,5
1404,2.4,1.9,2.6,1
1404,1.6,2.1,2.8,2
1404,0.5,1.9,2.9,3
1404,0.6,1.7,2.9,4
1404,0.2,1.7,2.9,5
6297,2.4,2.4,2.4,1
6297,2.4,2.9,2.8,2
6297,2.1,2.9,2.7,3
6297,2.1,2.1,2.7,4
6297,2.1,2.1,2.7,5
14177,0.9,2.9,2.8,1
14177,1.1,2.9,3.0,2
14177,1.1,2.7,3.0,3
14177,1.1,1.9,2.9,4
14177,0.7,2.2,2.9,5
11301,2.1,1.2,2.5,1
11301,0.7,0.7,2.5,2
11301,0.2,0.4,2.7,3
11301,0.2,0.7,2.8,4
11301,0.5,0.8,2.5,5
442,1.9,2.1,2.8,1
442,1.4,2.2,3.0,2
442,1.0,2.6,2.8,3
442,1.1,2.4,2.8,4
442,1.2,2.4,2.9,5
5801,1.6,2.1,3.0,1
5801,1.2,1.8,2.9,2
5801,1.1,1.5,2.9,3
5801,0.8,2.3,2.9,4
5801,0.7,2.1,2.7,5
8436,2.1,1.0,3.0,1
8436,1.9,2.2,3.0,2
8436,1.1,2.7,2.9,3
8436,0.7,2.5,3.0,4
8436,0.3,2.4,3.0,5
2320,2.3,2.3,3.0,1
2320,1.2,2.3,3.0,2
2320,0.7,2.6,3.0,3
2320,0.7,1.2,3.0,4
2320,0.6,1.3,2.8,5
10252,1.1,1.9,2.7,1
10252,1.0,2.6,2.6,2
10252,0.8,1.5,2.5,3
10252,0.8,1.5,2.8,4
10252,0.7,1.5,2.7,5
2504,1.0,3.0,2.5,1
2504,1.1,3.0,2.4,2
2504,1.0,3.0,2.8,3
2504,1.2,2.5,2.5,4
2504,1.7,1.9,2.3,5
12155,0.2,1.5,2.8,1
12155,0.7,1.0,2.7,2
12155,0.5,1.0,3.0,3
12155,0.3,0.6,2.7,4
12155,0.2,1.1,2.7,5
5584,1.2,2.5,2.5,1
5584,1.0,2.0,2.7,2
5584,1.0,2.5,2.8,3
5584,0.9,2.9,2.6,4
5584,1.0,2.6,2.8,5
13293,1.3,2.4,2.9,1
13293,1.6,2.9,2.9,2
13293,1.1,2.6,2.8,3
13293,0.8,2.9,2.6,4
13293,1.0,2.3,2.7,5
2836,2.5,2.1,2.6,1
2836,1.2,1.2,2.6,2
2836,0.8,1.0,2.8,3
2836,0.9,0.9,2.5,4
2836,0.7,1.3,2.5,5
6147,0.9,1.9,2.4,1
6147,0.9,1.5,2.7,2
6147,0.8,1.4,2.6,3
6147,1.5,1.8,2.9,4
6147,1.1,2.1,2.7,5
13197,2.9,3.0,2.6,1
13197,2.4,3.0,2.7,2
13197,2.1,2.9,2.7,3
13197,2.4,2.9,2.9,4
13197,2.0,2.6,2.6,5
3216,1.3,2.8,2.8,1
3216,1.5,2.7,2.8,2
3216,1.2,1.9,2.6,3
3216,1.3,2.0,2.4,4
3216,0.9,2.0,2.9,5
578,0.9,1.0,2.6,1
578,0.9,1.0,1.9,2
578,0.9,1.0,2.3,3
578,0.7,1.1,2.9,4
578,0.8,1.0,2.5,5
13714,0.8,1.2,2.5,1
13714,0.5,1.1,2.5,2
13714,0.3,0.7,2.3,3
13714,0.2,1.1,2.8,4
13714,0.3,1.2,2.8,5
2480,2.5,3.0,2.6,1
2480,0.6,1.6,2.5,2
2480,0.5,1.4,3.0,3
2480,1.5,2.2,2.9,4
2480,0.9,2.3,2.5,5
2452,0.8,0.9,2.4,1
2452,0.8,0.8,2.9,2
2452,0.8,1.2,2.9,3
2452,0.5,1.8,3.0,4
2452,0.9,2.4,2.6,5
6508,2.2,2.4,2.7,1
6508,0.7,1.4,2.7,2
6508,0.3,1.3,3.0,3
6508,0.3,1.1,2.7,4
6508,0.3,1.4,2.9,5
13000,1.7,2.7,2.8,1
13000,1.2,2.2,2.6,2
13000,0.6,2.7,2.8,3
13000,0.5,2.6,2.7,4
13000,0.5,2.2,2.9,5
6888,0.8,2.8,2.7,1
6888,0.9,2.8,3.0,2
6888,0.8,2.8,3.0,3
6888,1.0,2.6,2.9,4
6888,1.0,2.4,2.8,5
9925,2.5,2.9,2.8,1
9925,1.3,2.0,2.2,2
9925,0.8,2.5,2.3,3
9925,0.7,2.3,2.7,4
9925,0.8,2.7,2.6,5
10191,2.6,2.0,2.9,1
10191,1.8,2.4,2.6,2
10191,1.5,2.2,2.7,3
10191,1.3,2.1,2.7,4
10191,0.9,2.1,2.7,5
7786,1.7,0.9,2.9,1
7786,0.8,1.0,2.8,2
7786,0.8,1.1,2.8,3
7786,0.8,1.1,2.6,4
7786,0.8,1.1,3.0,5
4333,2.4,1.9,2.8,1
4333,1.7,1.9,2.8,2
4333,1.3,1.8,3.0,3
4333,1.0,1.7,2.7,4
4333,1.1,1.9,3.0,5
2389,1.0,2.7,2.3,1
2389,1.0,3.0,2.8,2
2389,0.4,2.9,2.9,3
2389,0.4,2.7,2.7,4
2389,0.4,2.7,3.0,5
3384,0.9,1.7,2.6,1
3384,0.9,1.5,2.4,2
3384,0.8,2.8,2.9,3
3384,1.2,2.4,2.3,4
3384,1.0,2.5,2.7,5
5436,2.6,2.8,2.9,1
5436,1.4,2.2,2.7,2
5436,0.8,2.3,2.7,3
5436,0.9,1.9,2.9,4
5436,0.7,1.8,2.7,5
14262,1.5,1.6,2.8,1
14262,1.4,1.5,2.8,2
14262,1.3,2.0,3.0,3
14262,1.5,3.0,2.8,4
14262,1.3,2.6,2.8,5
7055,1.8,1.1,2.7,1
7055,1.1,1.2,2.5,2
7055,0.7,0.9,2.8,3
7055,0.6,1.0,2.7,4
7055,0.6,1.1,2.6,5
4890,1.9,2.0,2.8,1
4890,1.8,1.9,2.6,2
4890,0.9,2.3,2.7,3
4890,1.1,2.8,2.6,4
4890,1.3,2.9,2.9,5
2684,2.4,2.7,2.8,1
2684,1.0,2.0,3.0,2
2684,0.7,2.7,3.0,3
2684,0.7,2.6,2.9,4
2684,0.7,2.8,3.0,5
8154,2.1,2.1,2.7,1
8154,1.3,2.1,2.9,2
8154,0.9,2.3,2.8,3
8154,0.9,2.2,2.8,4
8154,0.7,2.3,2.9,5
14013,1.4,1.9,2.8,1
14013,1.3,1.9,2.9,2
14013,0.9,1.6,2.6,3
14013,0.9,1.5,2.6,4
14013,0.6,1.1,2.7,5
2557,2.2,2.0,2.7,1
2557,1.1,1.9,3.0,2
2557,0.8,1.9,2.9,3
2557,1.3,2.1,2.8,4
2557,1.0,2.1,2.8,5
12267,1.1,1.5,2.7,1
12267,0.8,1.4,2.6,2
12267,0.8,1.2,2.7,3
12267,0.8,1.3,2.9,4
12267,0.8,1.2,2.4,5
2982,2.1,2.2,2.6,1
2982,1.1,1.1,2.5,2
2982,0.9,1.3,2.7,3
2982,1.4,1.3,2.8,4
2982,1.8,1.1,3.0,5
10160,1.3,1.9,2.8,1
10160,1.8,2.2,2.8,2
10160,1.1,1.6,2.5,3
10160,1.1,1.2,2.8,4
10160,1.0,2.0,2.8,5
6453,2.7,2.7,3.0,1
6453,2.1,2.7,2.5,2
6453,1.5,3.0,3.0,3
6453,1.3,2.4,2.9,4
6453,1.8,2.2,2.9,5
8576,1.5,2.2,2.9,1
8576,1.5,2.2,2.9,2
8576,1.2,2.4,2.8,3
8576,1.2,2.5,3.0,4
8576,1.1,1.9,3.0,5
698,1.6,2.0,2.0,1
698,1.4,1.6,2.7,2
698,1.0,2.1,2.8,3
698,0.6,2.4,2.9,4
698,0.7,2.5,2.8,5
9815,1.7,2.7,2.4,1
9815,2.1,3.0,2.3,2
9815,1.7,2.2,2.6,3
9815,1.1,2.1,2.8,4
9815,1.1,2.3,2.8,5
4987,1.6,0.8,2.3,1
4987,1.0,2.6,2.9,2
4987,0.6,2.6,2.9,3
4987,0.9,1.7,2.8,4
4987,0.6,2.4,2.7,5
14309,3.0,2.8,2.8,1
14309,2.5,3.0,3.0,2
14309,1.1,3.0,3.0,3
14309,2.1,2.9,2.8,4
14309,1.4,2.5,3.0,5
9069,0.9,1.2,2.9,1
9069,0.9,1.2,2.9,2
9069,1.2,1.2,3.0,3
9069,1.1,1.2,2.8,4
9069,0.7,1.0,2.5,5
4465,0.7,3.0,2.6,1
4465,0.4,1.5,2.4,2
4465,0.9,2.5,2.6,3
4465,0.8,2.2,2.8,4
4465,0.8,2.9,2.6,5
12955,1.6,2.3,3.0,1
12955,0.9,1.8,3.0,2
12955,0.9,2.0,2.9,3
12955,1.0,2.3,2.9,4
12955,1.1,1.8,2.9,5
2203,2.4,2.5,2.8,1
2203,2.5,2.4,3.0,2
2203,2.1,2.0,3.0,3
2203,2.0,2.3,2.6,4
2203,1.8,2.0,3.0,5
14240,1.2,2.4,3.0,1
14240,1.0,2.7,2.7,2
14240,0.8,1.4,2.5,3
14240,1.2,1.7,2.6,4
14240,1.2,1.8,2.6,5
12772,1.5,1.4,2.8,1
12772,1.6,2.2,2.8,2
12772,1.1,2.6,2.7,3
12772,1.0,2.7,2.7,4
12772,1.0,2.8,2.8,5
9700,1.3,2.8,2.3,1
9700,1.1,2.7,2.6,2
9700,1.0,2.9,2.9,3
9700,1.1,2.1,2.6,4
9700,1.0,2.1,3.0,5
1433,2.1,2.0,2.6,1
1433,1.8,2.0,2.6,2
1433,1.6,2.3,2.4,3
1433,1.3,2.4,2.8,4
1433,1.4,2.1,3.0,5
676,2.8,3.0,3.0,1
676,2.1,2.3,2.9,2
676,1.8,2.9,2.6,3
676,1.4,2.9,2.6,4
676,1.2,2.9,2.9,5
343,2.1,2.8,3.0,1
343,1.9,3.0,3.0,2
343,1.2,3.0,3.0,3
343,1.1,2.8,3.0,4
343,1.2,3.0,3.0,5
10761,1.6,2.4,2.8,1
10761,1.1,2.4,2.9,2
10761,1.3,2.4,2.6,3
10761,1.2,1.6,2.8,4
10761,0.9,1.6,2.9,5
4965,1.1,2.6,2.6,1
4965,1.7,2.3,2.3,2
4965,1.4,2.5,2.7,3
4965,1.3,2.5,2.4,4
4965,1.3,2.2,2.8,5
10389,2.4,2.6,3.0,1
10389,1.8,2.7,2.7,2
10389,2.1,3.0,3.0,3
10389,2.1,2.7,2.9,4
10389,2.7,2.4,3.0,5
4322,0.9,1.4,2.7,1
4322,0.9,1.0,2.6,2
4322,1.0,1.3,2.2,3
4322,1.1,1.4,2.4,4
4322,0.9,1.2,2.6,5
9984,2.8,2.4,2.7,1
9984,2.6,2.7,2.6,2
9984,2.3,2.9,2.6,3
9984,2.0,2.3,2.9,4
9984,1.8,2.4,2.5,5
9385,2.4,3.0,2.8,1
9385,1.7,2.8,2.7,2
9385,1.1,2.7,2.8,3
9385,0.7,2.6,2.7,4
9385,0.8,1.8,2.8,5
10378,1.7,2.7,2.5,1
10378,1.9,2.4,2.6,2
10378,1.0,2.4,2.7,3
10378,1.0,2.6,2.8,4
10378,0.9,2.7,2.8,5
10179,2.8,2.9,2.6,1
10179,1.9,2.9,2.8,2
10179,1.4,2.9,3.0,3
10179,0.7,2.6,2.8,4
10179,0.5,2.9,2.8,5
79,1.9,2.7,2.9,1
79,0.6,2.4,3.0,2
79,0.5,1.6,2.8,3
79,0.5,2.5,3.0,4
79,0.8,2.4,2.9,5
6613,2.2,2.2,2.4,1
6613,2.4,2.0,2.5,2
6613,2.3,2.4,2.5,3
6613,2.0,2.4,2.6,4
6613,2.2,2.4,2.9,5
1390,1.4,0.7,2.6,1
1390,0.9,0.7,2.8,2
1390,1.1,1.0,2.7,3
1390,1.1,0.8,2.9,4
1390,0.9,0.8,3.0,5
1140,2.6,3.0,2.7,1
1140,1.9,2.4,2.7,2
1140,1.8,2.8,2.6,3
1140,1.4,2.5,2.7,4
1140,1.6,1.8,2.6,5
4656,1.3,1.6,2.9,1
4656,1.1,1.5,2.8,2
4656,1.0,1.2,2.8,3
4656,1.1,1.2,2.3,4
4656,0.9,1.0,2.5,5
3608,0.9,1.6,2.7,1
3608,0.7,1.6,3.0,2
3608,0.8,1.7,2.8,3
3608,0.7,1.7,2.8,4
3608,0.7,1.5,2.9,5
4333,2.4,1.9,2.8,1
4333,1.8,1.6,3.0,2
4333,1.4,1.7,2.9,3
4333,1.1,1.8,3.0,4
4333,0.8,2.1,2.9,5
6757,1.3,1.3,2.7,1
6757,1.3,1.6,3.0,2
6757,1.4,1.3,2.8,3
6757,1.1,1.4,2.7,4
6757,1.3,1.5,2.8,5
12028,2.9,3.0,3.0,1
12028,2.7,2.7,3.0,2
12028,2.4,2.4,2.9,3
12028,2.7,2.9,3.0,4
12028,2.7,2.6,2.8,5
3032,2.5,2.7,2.8,1
3032,2.4,2.8,2.9,2
3032,2.2,2.2,2.6,3
3032,1.1,3.0,2.8,4
3032,1.4,2.8,2.7,5
11825,1.2,2.4,2.9,1
11825,0.6,1.0,2.7,2
11825,0.6,1.5,2.8,3
11825,0.4,1.6,2.7,4
11825,0.4,1.2,2.6,5
241,2.3,2.4,2.7,1
241,2.1,2.1,2.6,2
241,1.4,1.9,2.7,3
241,1.3,1.6,2.8,4
241,1.3,2.4,2.4,5
4142,1.4,2.4,2.9,1
4142,1.9,2.6,2.6,2
4142,2.0,2.9,2.9,3
4142,1.9,2.5,2.8,4
4142,2.0,2.7,2.6,5
40,1.4,1.8,2.6,1
40,1.1,1.7,2.3,2
40,1.1,1.8,2.6,3
40,1.0,1.8,3.0,4
40,1.0,2.1,2.7,5
1024,1.1,1.7,2.9,1
1024,1.1,1.2,2.7,2
1024,1.1,1.8,2.9,3
1024,0.6,2.3,2.6,4
1024,0.6,2.1,2.8,5
12559,0.9,1.3,3.0,1
12559,0.4,0.9,3.0,2
12559,0.3,2.6,2.7,3
12559,0.4,2.8,2.9,4
12559,0.3,2.3,2.8,5
12848,0.7,0.1,2.8,1
12848,0.6,0.7,3.0,2
12848,0.3,0.7,2.5,3
12848,0.0,0.7,2.6,4
12848,0.0,0.7,2.4,5
1437,2.4,2.0,2.9,1
1437,2.2,1.4,2.7,2
1437,1.8,2.2,3.0,3
1437,1.7,2.5,2.5,4
1437,1.9,2.6,2.7,5
5474,1.8,3.0,3.0,1
5474,1.6,3.0,3.0,2
5474,1.0,2.2,3.0,3
5474,1.0,1.1,2.9,4
5474,1.3,1.6,3.0,5
985,2.4,2.6,2.9,1
985,1.6,1.7,3.0,2
985,1.6,2.0,2.7,3
985,1.5,1.7,2.8,4
985,1.6,2.1,2.7,5
10766,2.9,3.0,2.5,1
10766,2.5,1.9,2.8,2
10766,2.2,3.0,2.8,3
10766,2.2,2.8,2.8,4
10766,2.0,2.8,2.5,5
4361,1.6,2.7,2.8,1
4361,1.0,1.3,2.8,2
4361,1.0,1.6,2.7,3
4361,0.9,1.7,2.7,4
4361,1.0,1.9,2.8,5
544,2.4,1.2,2.9,1
544,1.8,2.2,2.7,2
544,1.4,2.2,2.4,3
544,1.7,2.1,2.5,4
544,1.6,2.0,2.3,5
8401,1.5,2.5,2.7,1
8401,1.2,2.2,2.9,2
8401,1.0,1.6,2.6,3
8401,0.6,1.9,2.5,4
8401,0.8,1.8,2.5,5
14651,1.8,2.5,3.0,1
14651,0.9,2.1,2.4,2
14651,0.2,1.9,2.7,3
14651,0.3,1.9,2.9,4
14651,0.2,3.0,2.7,5
14285,1.7,2.6,2.6,1
14285,1.7,2.6,2.7,2
14285,1.5,2.6,2.8,3
14285,1.0,2.6,2.6,4
14285,0.6,1.8,2.5,5
8996,2.4,2.6,2.5,1
8996,1.7,2.1,2.8,2
8996,1.3,2.4,2.6,3
8996,0.9,3.0,2.8,4
8996,1.2,2.8,2.7,5
